Key,Type,Desc,English,Chinese (Simplified),French,German,Italian,Polish,Russian,Spanish,UI_Tester
TFTV_CAPTURE_DRONES_MODULE_NAME,Text,,Salvage Drones,,,,,,Грузовые Дроны,,
TFTV_CAPTURE_DRONES_MODULE_DESCRIPTION,Text,,"A pack of autonomous retrieval drones that scour the battlefield, securing all items even when the area remains contested. All items left on the ground are collected on mission end.",,,,,,"Несколько дронов с захватами для сбора трофеев с боля боя, даже с незачищенной территории. В конце миссии все, что лежит на земле, будет подобрано!",,
TFTV_VEHICLE_HARNESS_MODULE_NAME,Text,,Ezekiel's Dream,,,,,,Модуль «Мечта Иезекииля»,,
TFTV_VEHICLE_HARNESS_MODULE_DESCRIPTION,Text,,A reinforced hard-point harness that lets any aircraft carry a ground vehicle as external cargo. Aircraft can carry a vehicle for 1 space less (Thunderbird can carry 2 vehicles for 1 space each).,,,,,,"Усиленный грузовой захват для машин. Позволяет самолету нести машину снаружи корпуса. Машина занимает на 1 пассажиро-место меньше. (Гром-птица может нести 2 машины, по 1-му месту на каждую).",,
TFTV_SCANNER_MODULE_NAME,Text,,Signal Harvester,,,,,,Звукоулавливатель,,
TFTV_SCANNER_MODULE_DESCRIPTION,Text,,"A jumble of antenna arrays to listen in on other people's conversations. Provides SCAN ABILITY: spend 12 hours and 5 tech and 30 mat to detect Points of Interest on the Geoscape within 2000 KM (50% success rate).
Aircraft cannot move during scan.",,,,,,Блок из нескольких направленных микрофонов. Дает способность Сканировать с 50% шансом обнаружить неизвестную локацию.,,
TFTV_PASSENGER_MODULE_NAME,Text,,Barracuda Berths,,,,,,Подвесная гондола «Барракуда»,,
TFTV_PASSENGER_MODULE_DESCRIPTION,Text,,"Reconfigures the Manticore’s hold into two extra passenger pods, at the cost of some speed. Adds 2 passenger seats, –200 Speed",,,,,,"Добавляет Мантикоре +2 пассажиро-места, но отнимает -200 скорости",,
TFTV_CLINIC_MODULE_NAME,Text,,Neurorest Hammocks,,,,,,Модуль «Нейро-гамаки»,,
TFTV_CLINIC_MODULE_DESCRIPTION,Text,,"A set of mesh slings with IV drips and brain-wave modulators, because we all deserve a natural rest. Operatives on board recover a small amount of Stamina.",,,,,,"Гамаки, оборудованные капельницами и нейро-модуляторами мозговых волн, идеально для спокойного отдыха! Бойцы на борту медленно восстанавливают Выносливость.",,
TFTV_THUNDERBIRD_GROUNDATTACK_MODULE_NAME,Text,,Lightning Strike Precision Ordnance,,,,,,Ракета класса воздух-земля «Удар молнии»,,
TFTV_THUNDERBIRD_GROUNDATTACK_MODULE_DESCRIPTION,Text,,Precision-guided munitions system that allows to call down targeted explosive strikes in open air locations.,,,,,,"Система высокоточного оружия, позволяющая наносить управляемые фугасные удары по открытой местности.",,
TFTV_THUNDERBIRD_SCANNER_MODULE_NAME,Text,,Argus Array,,,,,,Модуль «Глаза Аргуса»,,
TFTV_THUNDERBIRD_SCANNER_MODULE_DESCRIPTION,Text,,Military-grade sensor suite that enhances point-of-interest detection on the Geoscape and heightens operative perception in combat.,,,,,,"Набор военных датчиков, который улучшает обнаружение локаций на карте Земли и повышает Восприятие бойцов в сражениях.",,
TFTV_THUNDERBIRD_WORKSHOP_MODULE_NAME,Text,,Hephaestus Workshop,,,,,,Модуль «Кузница Гефеста»,,
TFTV_THUNDERBIRD_WORKSHOP_MODULE_DESCRIPTION,Text,,An engineering bay that repairs bionics and vehicle systems and enhances their resilience by integrating the latest technological breakthroughs.,,,,,,"Инженерный отсек для ремонта аугментаций и машин, а также внедрения последних технических новинок.",,
TFTV_THUNDERBIRD_RANGE_MODULE_NAME,Text,,Daedalus Overdrive Suite,,,,,,Модуль «Ускоритель Дедала»,,
TFTV_THUNDERBIRD_RANGE_MODULE_DESCRIPTION,Text,,"An automation-driven overdrive package that installs redundant subsystems and precision diagnostics, leveraging advanced automation to maximize range, speed, and airframe resilience.",,,,,,"Комплекс автоматизированных резервных и диагностических систем для максимального увеличения дальности, скорости и прочности самолета.",,
TFTV_HELIOS_MISTREPELLER_MODULE_NAME,Text,,Boreas Purger,,,,,,Модуль «Дыхание Борея»,,
TFTV_HELIOS_MISTREPELLER_MODULE_DESCRIPTION,Text,,A variant of the Mist Repeller designed to be aircraft mounted.,,,,,,Авиационный анти-Туманный модуль,,
TFTV_HELIOS_STEALTH_MODULE_NAME,Text,,Proteus Matrix,,,,,,Модуль «Матрица Протея»,,
TFTV_HELIOS_STEALTH_MODULE_DESCRIPTION,Text,,"An AI that forecasts optimal concealment tactics and likely threat vectors to guide operatives. Its predictive accuracy naturally degrades over time, capping its benefits to the mission’s opening phase.",,,,,,"ИИ, который обеспечивает маскировку и прогнозирует вероятные направления угроз, помогая бойцам на начальном этапе миссии. В дальнейшем точность его прогнозов естественным образом снижается.",,
TFTV_HELIOS_HEALING_MODULE_NAME,Text,,Panacea Nexus,,,,,,Модуль «Объятия Панацеи»,,
TFTV_HELIOS_HEALING_MODULE_DESCRIPTION,Text,,A bio-nanite infusion chamber that bathes operatives in regenerative swarms and primes them for battle.,,,,,,Камера-ванная с регенеративными био-нанитами для подготовки бойцов к сражению.,,
TFTV_HELIOS_SPEED_MODULE_RESEARCH_BENEFIT_0,Text,,Helios Engine upgrade: Overclocked Fusion Catalyst +100 Speed,,,,,,Апгрейд для двигателя Гелиоса (Разгоночный Катализатор Синтеза): +100 к скорости,,
TFTV_HELIOS_SPEED_MODULE_RESEARCH_BENEFIT_1,Text,,Helios Engine upgrade: Magnetic Plasma Vortex Nozzles +100 Speed,,,,,,Апгрейд для двигателя Гелиоса (Вихревые Магнитоплазменные Сопла): +100 к скорости,,
TFTV_HELIOS_SPEED_MODULE_RESEARCH_BENEFIT_2,Text,,Helios Engine upgrade: Icarus Net +100 Speed,,,,,,Апгрейд для двигателя Гелиоса (Сеть Икара): +100 к скорости,,
TFTV_HELIOS_SPEED_MODULE_RESEARCH_BENEFIT_3,Text,,Helios Engine upgrade: Gravitic Resonance Assist +100 Speed,,,,,,Апгрейд для двигателя Гелиоса (Гравитационный Резонансный Ускоритель): +100 к скорости,,
TFTV_BLIMP_WP_MODULE_NAME,Text,,Sanctum of the Veil,,,,,,Модуль «Святилище Вуали»,,
TFTV_BLIMP_WP_MODULE_DESCRIPTION,Text,,Aetheric chamber that prepares the Anointed for symbiosis with the Mist.,,,,,,Эфирная камера для подготовки Последователей к симбиозу с Туманом.,,
TFTV_BLIMP_MUTOG_PEN_MODULE_NAME,Text,,Mutog Menagerie,,,,,,Клетка для Мутога,,
TFTV_BLIMP_MUTOG_PEN_MODULE_DESCRIPTION,Text,,A space-saving organic containment module. Aircraft may carry and deploy up to 2 Mutogs for 1 space each.,,,,,,"Компактный органический изолятор. Самолет может перевозить и размещать до двух Мутогов, по 1-му месту на каждого.",,
TFTV_BLIMP_MUTATIONLAB_MODULE_NAME,Text,,Conservatory of Transmutation,,,,,,Модуль «Обитель Трансмутации»,,
TFTV_BLIMP_MUTATIONLAB_MODULE_DESCRIPTION,Text,,"Biotic conservatory that nurtures the Anointed, healing wounds and restoring vigor.",,,,,,"Биотическая оранжерея, которая питает Последователей, залечивая раны и восстанавливая силы.",,
TFTV_BLIMP_SPEED_MODULE_NAME,Text,,Bioflux Assimilator,,,,,,Модуль «Ассимилятор Биопотока»,,
TFTV_BLIMP_SPEED_MODULE_DESCRIPTION,Text,,"A living engine graft that scavenges and metabolizes microscopic biomatter from the Mist, digesting Mist-borne organics into raw thrust.",,,,,,"Живой трансплантат двигателя, который собирает и перерабатывает микроскопическую биоматерию из Тумана, превращая органику Тумана в чистую тягу.",,
TFTV_CLINIC_BONUS,Text,,Slowly recovers Stamina of characters on board,,,,,,Медленно восстанавливает Выносливость пассажиров на борту,,
KEY_FS_NJ_CRUISE_CONTROL_MODULE_NAME,Text,,Junker Jet Engine,,,,,,Реактивный тракторный движок,,
KEY_FS_NJ_CRUISE_CONTROL_MODULE_DESCRIPTION,Text,,They can go on planes too! Adds +150 Speed,,,,,,Они годятся и для самолетов! Дает +150 к скорости,,
KEY_FS_NJ_FUEL_TANK_MODULE_NAME,Text,,Omni Tank,,,,,,Универсальный Реактор,,
KEY_FS_NJ_FUEL_TANK_MODULE_DESCRIPTION,Text,,"Fill it up with anything you need to power your aircraft: gas, biomass, fissionable materials, pixie dust. Adds +1000 Range",,,,,,"Заполните его чем угодно для питания вашего самолета: газом, биомассой, радиоактивными материалами, волшебной пыльцой. Дает +1000 к расстоянию перелета",,
TFTV_THUNDERBIRD_GAW_ABILITY_NAME,Text,,Call Fire Support,,,,,,Вызвать огневую поддержку,,
TFTV_THUNDERBIRD_GAW_ABILITY_DESCRIPTION,Text,,Launches guided munitions towards target area.,,,,,,Запускает управляемые ракеты в целевой район.,,
TFTV_BLIMP_SPEED_RESEARCH_BENEFIT,Text,,"Aircraft speed through Mist +150, aircraft maintenance loss reduced by 25%",,,,,,"Скорость самолета в Тумане +150, стоимость обслуживания меньше на 25%",,
TFTV_BLIMP_MUTOG_PEN_MODULE_RESEARCH_NAME,Text,,Mutog Menagerie,,,,,,Подвесная клетка для Мутогов,,
TFTV_BLIMP_MUTOG_PEN_MODULE_RESEARCH_REVEAL,Text,,A space-saving organic containment module. Aircraft may carry and deploy up to 2 Mutogs for 1 space each.,,,,,,"Наружный модуль-клетка. Самолет может перевозить и десантировать до двух Мутогов, каждый из которых занимает по одному пассажирскому месту.",,
TFTV_BLIMP_MUTOG_PEN_MODULE_RESEARCH_UNLOCK,Text,,A space-saving organic containment module. Aircraft may carry and deploy up to 2 Mutogs for 1 space each.,,,,,,"Наружный модуль-клетка. Самолет может перевозить и десантировать до двух Мутогов, каждый из которых занимает по одному пассажирскому месту.",,
TFTV_BLIMP_MUTOG_PEN_MODULE_RESEARCH_COMPLETE,Text,,Mutog Menagerie complete.,,,,,,Подвесная клетка для Мутогов разработана.,,
TFTV_BLIMP_MUTOG_PEN_MODULE_RESEARCH_BENEFITS,Text,,Allows manufacturing a module that allows carrying 2 Mutogs for 1 space on the Anu Blimp.,,,,,,"Можно построить модуль, позволяющий перевозить до двух Мутогов на Тиамате Последователей Ану.",,
TFTV_VEHICLE_HARNESS_MODULE_RESEARCH_NAME,Text,,Ezekiel's Dream,,,,,,Модуль «Мечта Иезекииля»,,
TFTV_VEHICLE_HARNESS_MODULE_RESEARCH_REVEAL,Text,,A reinforced hard-point harness that lets any aircraft carry a ground vehicle as external cargo. Aircraft can carry a vehicle for 1 space less (Thunderbird can carry 2 vehicles for 1 space each).,,,,,,"Усиленный грузовой захват для машин. Позволяет самолету нести машину снаружи корпуса. Машина занимает на 1 пассажиро-место меньше. (Гром-птица может нести 2 машины, по 1-му месту на каждую).",,
TFTV_VEHICLE_HARNESS_MODULE_RESEARCH_UNLOCK,Text,,A reinforced hard-point harness that lets any aircraft carry a ground vehicle as external cargo. Aircraft can carry a vehicle for 1 space less (Thunderbird can carry 2 vehicles for 1 space each).,,,,,,"Усиленный грузовой захват для машин. Позволяет самолету нести машину снаружи корпуса. Машина занимает на 1 пассажиро-место меньше. (Гром-птица может нести 2 машины, по 1-му месту на каждую).",,
TFTV_VEHICLE_HARNESS_MODULE_RESEARCH_COMPLETE,Text,,Ezekiel's Dream research complete.,,,,,,Модуль «Мечта Иезекииля» исследован.,,
TFTV_VEHICLE_HARNESS_MODULE_RESEARCH_BENEFITS,Text,,Allows manufacturing a module that reduces space used by vehicles on aircraft,,,,,,"Можно построить модуль, который уменьшает место, занимаемое машинами на борту самолета.",,
Geoscape/KEY_AIRCRAFT_STATS_DURABILITY,Text,,OPS HOURS,,,,,,ЧАСЫ РАБОТЫ,,
DLC 3 - Behemoth/KEY_DLC3_HULL_POINTS,Text,,CONDITION,,,,,,СОСТОЯНИЕ,,
TFTV_KEY_TIER,Text,,Tier,,,,,,Уровень,,
KEY_GEO_SCANNER_UNAVAILABLE,Text,,Area Scan already in progress.,,,,,,Сканирование области уже идет.,,
TFTV_BLIMP_SPEED_MODULE_BENEFIT_1_SINGLE,Text,,"• Aircraft speed through Mist increased by 150, aircraft maintenance loss reduced by 25% (TIER 1).",,,,,,,,
TFTV_BLIMP_SPEED_MODULE_BENEFIT_2_SINGLE,Text,,"• Aircraft speed through Mist increased by 300, aircraft maintenance loss reduced by 50% (TIER 2).",,,,,,,,
TFTV_BLIMP_SPEED_MODULE_BENEFIT_3_SINGLE,Text,,"• Aircraft speed through Mist increased by 450, aircraft maintenance loss reduced by 75% (TIER 3).",,,,,,,,
TFTV_BLIMP_SPEED_MODULE_BENEFIT_4_SINGLE,Text,,"• Aircraft speed through Mist increased by 600, aircraft maintenance loss reduced by 100% (TIER 4).",,,,,,,,
TFTV_BLIMP_WP_MODULE_BENEFIT_ANU_MutationTech,Text,,• Ward of Resolve: Characters with at least one mutation no longer lose WP in the Mist.,,,,,,,,
TFTV_BLIMP_WP_MODULE_BENEFIT_ANU_MutationTech2,Text,,• Blessing of Clarity: Characters with at least one mutation regain WP in the Mist and suffer reduced sight penalties.,,,,,,,,
TFTV_BLIMP_WP_MODULE_BENEFIT_ANU_MutationTech3,Text,,• Eye of Anu: Characters with at least one mutation can see through the Mist like Pandorans.,,,,,,,,
TFTV_BLIMP_WP_MODULE_BENEFIT_ANU_AnuPriest,Text,,• Shroud of Paradox: Non-Pandorans that touch Mist become revealed,,,,,,,,
TFTV_BLIMP_MUTATIONLAB_MODULE_BENEFIT_1_SINGLE,Text,,"• Heals operatives with at least one mutation, Mutoids, and Mutogs, and recovers their Stamina (TIER 1).",,,,,,,,
TFTV_BLIMP_MUTATIONLAB_MODULE_BENEFIT_2_SINGLE,Text,,"• Heals operatives with at least one mutation, Mutoids, and Mutogs, and recovers their Stamina faster (TIER 2).",,,,,,,,
TFTV_BLIMP_MUTATIONLAB_MODULE_BENEFIT_3_SINGLE,Text,,"• Heals operatives with at least one mutation, Mutoids, and Mutogs, and recovers their Stamina fastest (TIER 3).
• Operatives with at least one mutation, Mutoids and Mutogs start the mission frenzied.",,,,,,,,
TFTV_HELIOS_STEALTH_MODULE_BENEFIT_1_SINGLE,Text,,• Operatives gain +10% Stealth and +5 Perception during the first 3 turns of the mission (TIER 1).,,,,,,,,
TFTV_HELIOS_STEALTH_MODULE_BENEFIT_2_SINGLE,Text,,• Operatives gain +30% Stealth and +5 Perception during the first 3 turns of the mission (TIER 2).,,,,,,,,
TFTV_HELIOS_STEALTH_MODULE_BENEFIT_3_SINGLE,Text,,• Operatives gain +30% Stealth and +15 Perception during the first 3 turns of the mission (TIER 3).,,,,,,,,
TFTV_HELIOS_STEALTH_MODULE_BENEFIT_4_SINGLE,Text,,• Operatives gain +50% Stealth and +15 Perception during the first 3 turns of the mission (TIER 4).,,,,,,,,
TFTV_HELIOS_HEALING_MODULE_BENEFIT_1_SINGLE,Text,,• Operatives heal and recover Stamina (TIER 1).,,,,,,,,
TFTV_HELIOS_HEALING_MODULE_BENEFIT_SYN_Rover,Text,,"• Provides Nanotech Resistance (negates first application of Fire, Acid, Poison, or Virus).",,,,,,,,
TFTV_HELIOS_HEALING_MODULE_BENEFIT_SYN_VenomBolt,Text,,• Vest effects increased by 50%.,,,,,,,,
TFTV_HELIOS_HEALING_MODULE_BENEFIT_2_SINGLE,Text,,• Faster healing and Stamina recovery (TIER 2).,,,,,,,,
TFTV_THUNDERBIRD_GROUNDATTACK_MODULE_BENEFIT_1_SINGLE,Text,,• One precision-guided strike (single explosion) (TIER 1).,,,,,,,,
TFTV_THUNDERBIRD_GROUNDATTACK_MODULE_BENEFIT_2_SINGLE,Text,,• One precision-guided strike (two sequential explosions) (TIER 2).,,,,,,,,
TFTV_THUNDERBIRD_GROUNDATTACK_MODULE_BENEFIT_3_SINGLE,Text,,• One precision-guided strike (three sequential explosions) (TIER 3).,,,,,,,,
TFTV_THUNDERBIRD_SCANNER_MODULE_BENEFIT_1_SINGLE,Text,,"• Provides SCAN ABILITY: spend 12 hours, 5 tech and 30 mat to detect Points of Interest on the Geoscape within 2000 KM (75% success rate). Aircraft cannot move during scan (TIER 1).",,,,,,,,
TFTV_THUNDERBIRD_SCANNER_MODULE_BENEFIT_2_SINGLE,Text,,"• Provides SCAN ABILITY: spend 12 hours, 5 tech and 30 mat to detect Points of Interest on the Geoscape within 3000 KM (100% success rate). Aircraft cannot move during scan (TIER 2).
• <b>Argus Eye:</b> operatives gain increased Perception during Return Fire and Overwatch attacks.",,,,,,,,
TFTV_THUNDERBIRD_SCANNER_MODULE_BENEFIT_NJ_SateliteUplink,Text,,• Increased scan range and higher chance to detect Pandoran colonies after an attack on a Haven.,,,,,,,,
TFTV_THUNDERBIRD_SCANNER_MODULE_BENEFIT_PX_Alien_Citadel,Text,,• Detects Pandoran colonies on the Geoscape.,,,,,,,,
TFTV_THUNDERBIRD_SCANNER_MODULE_BENEFIT_PX_Alien_Colony,Text,,• Reveals Hatching Sentinels in Nests on mission start.,,,,,,,,
TFTV_THUNDERBIRD_SCANNER_MODULE_BENEFIT_PX_Alien_Lair,Text,,• Reveals Spawnery in Lairs on mission start.,,,,,,,,
TFTV_THUNDERBIRD_WORKSHOP_MODULE_BENEFIT_1_SINGLE,Text,,"• Repairs vehicles, heals operatives with at least one Bionic and recovers their Stamina (TIER 1).",,,,,,,,
TFTV_THUNDERBIRD_WORKSHOP_MODULE_BENEFIT_2_SINGLE,Text,,"• Repairs vehicles, heals operatives with at least one Bionic and recovers their Stamina faster (TIER 2).
• Reduces bionics repair cost by 33%.",,,,,,,,
TFTV_THUNDERBIRD_WORKSHOP_MODULE_BENEFIT_3_SINGLE,Text,,"• Repairs vehicles, heals operatives with at least one Bionic and recovers their Stamina fastest (TIER 3).
• Reduces bionics repair cost by 66%.",,,,,,,,
TFTV_THUNDERBIRD_WORKSHOP_MODULE_BENEFIT_PX_Alien_LiveAcheron,Text,,• Acid reduces 20 instead of 10 per turn on bionic bodyparts and vehicles.,,,,,,,,
TFTV_THUNDERBIRD_RANGE_MODULE_BENEFIT_1_SINGLE,Text,,"• Increases range by 1000, speed by 50 and aircraft maintenance loss reduced by 25% (TIER 1).",,,,,,,,
TFTV_THUNDERBIRD_RANGE_MODULE_BENEFIT_2_SINGLE,Text,,"• Increases range by 2000, speed by 100 and aircraft maintenance loss reduced by 50% (TIER 2).",,,,,,,,
TFTV_THUNDERBIRD_RANGE_MODULE_BENEFIT_3_SINGLE,Text,,"• Increases range by 3000, speed by 150 and aircraft maintenance loss reduced by 75% (TIER 3).",,,,,,,,
TFTV_THUNDERBIRD_RANGE_MODULE_BENEFIT_4_SINGLE,Text,,"• Increases range by 4000, speed by 200 and aircraft maintenance loss reduced by 100% (TIER 4).",,,,,,,,