Key,Type,Desc,English,Chinese (Simplified),French,German,Italian,Polish,Russian,Spanish,UI_Tester
VOID_OMEN_TITLE_1,Text,,"Ambushes more dangerous and more likely, but have more crates",,"Les embuscades sont plus dangereuses et plus fréquentes, mais il y a plus de caisses de stockage.",,,,"Негатив: повышена вероятность особо опасных засад. 
Позитив: где засады - там и ящики с ресурсами",,
VOID_OMEN_TITLE_2,Text,,All diplomatic penalties and rewards halved,,Toutes les pénalités et récompenses diplomatiques sont réduites de moitié,,,,"Негатив: все награды от фракций уменьшены вдвое.
Позитив: дипломатические штрафы тоже уменьшены вдвое",,
VOID_OMEN_TITLE_3,Text,,"All abilities cost +50% WP, but Delirium has no effect on WP",,"Toutes les capacités coûtent +50% de Points de Volonté, mais le délire n'a aucun effet sur les Points de Volonté.",,,,"Негатив: все способности стоят +50% к Очкам Воли.
Позитив: Сонное Безумие не влияет на Очки Воли",,
VOID_OMEN_TITLE_4,Text,,"Max operatives that can be deployed reduced by 2, but +100% experience ",,"6 agents maximum peuvent être déployés sur n'importe quelle mission, mais +100% d'expérience. ",,,,"Негатив: максимальное количество бойцов для миссий уменьшено на 2 (до 6).
Позитив: оставшиеся бойцы получают опыт +100%",,
VOID_OMEN_TITLE_5,Text,,"Haven defenders always hostile, but crates available for looting ",,"Les défenseurs des refuges sont toujours hostiles, mais des caisses sont disponibles pour le pillage. ",,,,"Негатив: защитники убежищ всегда настроены враждебно и к бойцам Феникса.
Позитив: в миссиях по защите убежищ присутствуют ящики с ресурсами",,
VOID_OMEN_TITLE_6,Text,,"Pandorans evolve as they lose missions and colonies, but Phoenix research output increased by 50%",,Les pandoriens évoluent au fur et à mesure qu'ils perdent des missions et des colonies.,,,,"Негатив: Пандораны эволюционируют быстрее, если проигрывают бои и теряют Колонии. 
Позитив: скорость исследований Проекта Феникс увеличена на 50%",,
VOID_OMEN_TITLE_7,Text,,"More Mist in missions, can deploy one more operative on standard missions",,Plus de brume dans les missions,,,,"Негатив: больше Тумана во всех миссиях.
Позитив: +1 боец к лимиту (до 9) в стандартных миссиях",,
VOID_OMEN_TITLE_7_ALT,Text,,"More Mist in missions, but easier to see through",,Plus de brume dans les missions,,,,"Негатив: больше Тумана во всех миссиях.
Позитив: но он более прозрачен, чем обычно.",,
VOID_OMEN_TITLE_8,Text,,"Diplomatic penalties among factions +50%, but research by factions doubled",,"Pénalités diplomatiques entre factions +50%, mais recherche de factions doublée",,,,"Негатив: дипломатические штрафы фракций +50%.
Позитив: удвоена скорость исследований во фракциях",,
VOID_OMEN_TITLE_9,Text,,Attacks on havens twice as frequent,,Des attaques deux fois plus fréquentes contre les refuges,,,,Негатив: нападения на убежища стали чаще в два раза,,
VOID_OMEN_TITLE_10,Text,,"No limit to Delirium, regardless of ODI level",,"Aucune limite au délire, quel que soit le niveau d'ODI",,,,Негатив: Сонное Безумие не ограничено уровнем ИСБ (Индекса Сонного Безумия),,
VOID_OMEN_TITLE_11,Text,,Behemoth disruption threshold increased,,Augmentation du seuil de perturbation du Béhémoth,,,,"Негатив: количество Очков Разрушения, необходимых, чтобы Бегемот нырнул отдохнуть, увеличено",,
VOID_OMEN_TITLE_12,Text,,Strength of Pandoran attacks on Havens increased by 50%,,La force des attaques des Pandoriens sur les refuges est augmentée de 50%.,,,,Негатив: сила атак Пандоранов на убежища увеличена на 50%,,
VOID_OMEN_TITLE_13,Text,,New Pandoran Colonies are built 100% faster,,Les nouvelles colonies pandoriennes sont construites 100 % plus rapidement.,,,,Негатив: новые колонии Пандоранов строятся на 100% быстрее,,
VOID_OMEN_TITLE_14,Text,,Human perception lowered to 20 from 30,,Perception humaine diminuée de 35 à 20,,,,Негатив: базовое восприятие людей снижено с 30 до 20,,
VOID_OMEN_TITLE_15,Text,,"More Touched by the Void, but Umbra disappear after 1 turn",,Plus d'Ombres,,,,"Негатив: увеличилось количество Благословленных Пустотой 
Позитив: Фиолетовые Твари дохнут сами в конце хода",,
VOID_OMEN_TITLE_16,Text,,Touched by the Void can appear anywhere and Umbras can attack anyone,,Les Ombres peuvent apparaître n'importe où et attaquer n'importe qui,,,,"Негатив: Благословленные Пустотой могут появиться где угодно, а Фиолетовые Твари могут напасть на кого угодно",,
VOID_OMEN_TITLE_17,Text,,Havens in Mist destroyed by Pandorans always become infested,,Les refuges détruits dans la brume deviennent toujours infestés,,,,Негатив: разрушенные в Тумане убежища всегда становятся зараженными,,
VOID_OMEN_TITLE_18,Text,,"Havens defense rating higher, rewards from haven defense missions lower",,"Le taux de défense des refuges est plus élevé, mais les récompenses des missions de défense sont plus faibles.",,,,"Негатив: награды за выполнение миссий по защите убежищ уменьшены.
Позитив: оборонительные возможности убежищ увеличены",,
VOID_OMEN_TITLE_19,Text,,"Pandorans gain adaptive resistance, Bazaar prices reduced ",,"Les Pandorans acquièrent une résistance évolutive réactive, le coût de la technologie du Bazar est réduit",,,,"Негатив: Пандораны приобрели адаптивную стойкость.
Позитив: снизились цены на Рынке",,
VOID_OMEN_TITLE_20,Text,,Behemoth can deploy experimental (lower strength) Abbadons,,Le Behemoth peut déployer des Abbadons expérimentaux (de force inférieure).,,,,Бегемот может выпускать экспериментальные (с меньшей силой) летуны класса Аббадон,,
VOID_OMEN_DESCRIPTION_TEXT_1,Text,,"Communication intercepts from both factions and independent scavenging teams show a spike in hostile encounters, correlating to an overall shift in focus towards foraging as a more relevant procurement source. We speculate that the existence of previously hidden caches has been revealed simultaneously to a number of groups, prompting a scramble to secure them.
",,"<i>"" Les rapports que nous interceptons des équipes de récupérateurs, qu'ils soient de faction ou indépendants, indiquent que cela devient plus dangereux là-bas... Mais nous verrons probablement plus de butin, car... moins de concurrence. ""</i>",,,,"Перехваченные сообщения от поисковых отрядов фракций и вольных поселений свидетельствуют о росте числа столкновений. Наблюдается общее увеличение усилий в сторону поиска ресурсов, как наиболее более важного источника снабжения. Мы предполагаем, что о существовании ранее скрытых тайников стало известно одновременно нескольким группам, что и спровоцировало борьбу за них.",,
VOID_OMEN_DESCRIPTION_TEXT_2,Text,,"Analysis of public feeds indicates a sudden onset of political apathy within the havens populace and political leadership. Under these circumstances it will be difficult to make headway with any faction towards goal alignment. However, the situation does present an opportunity for executing actions that were previously deemed prohibitively unpopular.",,"<i>""Nous perdons notre boussole éthique, si nous en avons jamais eu une.""</i> ",,,,"Анализ публичных сообщений указывает на внезапное наступление политической апатии среди населения и политического руководства убежищ. В этих обстоятельствах будет трудно добиться прогресса с какой-либо фракцией в достижении общих целей. Однако сложившаяся ситуация предоставляет возможность для осуществления действий, которые ранее считались весьма непопулярными.",,
VOID_OMEN_DESCRIPTION_TEXT_3,Text,,"We are now in a position to confirm that the feeling of persistent tiredness and increased difficulty in executing strenuous mental or physical tasks is exacerbated in stressful situations, most notably combat. No biochemical changes have been observed, however, and we are not able to clinically explain this condition nor treat it.",,"<i>""C'est un cauchemar éveillé. Peut-on s'habituer aux cauchemars ?""</i> ",,,,"Теперь мы можем подтвердить, что чувство постоянной усталости и неспособность выполнять напряженные умственные или физические задачи усиливаются в стрессовых ситуациях, особенно в бою. Однако никаких биохимических изменений не наблюдается, и мы не в состоянии объяснить это состояние с точки зрения медицины и вылечить его.",,
VOID_OMEN_DESCRIPTION_TEXT_4,Text,,"Our analysis of the latest mission reports and debriefings shows a worrisome trend: our operatives are increasingly irritable and distrustful of each other, often choosing to perform tasks themselves rather than relying on their teammates.

<i>""Have you seen the latest psych-evals? 'Trust issues' is putting it mildly: they could start shooting each other any minute. If you want my advice, keep the combat units small, at least for a while.""</i>",,"<i>""Vous avez vu les derniers tests psychologiques ? Les ""problèmes de confiance"" sont un euphémisme : ils peuvent commencer à se tirer dessus à tout moment. Si vous voulez mon avis, gardez les unités de combat réduites, au moins pour un moment.""</i> ",,,,"Наш анализ последних отчетов о миссиях и разборов полетов выявил тревожную тенденцию: наши бойцы становятся все более раздражительными и недоверчивыми друг к другу, часто предпочитая выполнять задания самостоятельно, а не полагаться на своих товарищей по отряду.

<i>""Вы видели последние результаты психологических осмотров? ""Проблемы с доверием"" - это еще мягко сказано: они могут начать стрелять друг в друга в любую минуту. Если хотите мой совет, держите боевые подразделения небольшими, по крайней мере, в течение некоторого времени.""</i>",,
VOID_OMEN_DESCRIPTION_TEXT_5,Text,,"We are receiving baffling reports that sizable contingents of haven inhabitants are convinced that the Pandoran attacks are being provoked by the Phoenix Project for ulterior motives, ranging from world domination to marauding. They are demanding the authorities provide weapons and other equipment to protect their homes. ",,"<i>""Ils sont devenus paranoïaques ! Ils pensent que nous ne sommes pas là pour les défendre, mais pour prendre leurs biens. Honnêtement, je pense que nous devrions, juste pour leur donner une leçon.""</i> ",,,,"Мы получаем сбивающие с толку сообщения о том, что значительное число жителей убежищ уверены, будто нападения Пандоранов провоцируются Проектом Феникс по самым разнообразным  мотивам, начиная от мирового господства и заканчивая мародерством. Они требуют от властей выдать оружие и прочую амуницию для защиты их домов.",,
VOID_OMEN_DESCRIPTION_TEXT_6,Text,,"Observations on the field reveal that Pandorans are evolving and adapting to counter our tactics with uncanny velocity, even for Pandoran standards of rapid evolution. A fortunate side effect is that our scientists seem to have taken on the challenge.",,"<i>""A quoi vous attendiez-vous ? Eux aussi sont capables d'apprendre de leurs erreurs.""</i> ",,,,"Наблюдения на местах показывают, что Пандораны эволюционируют и приспосабливаются к нашей тактике со сверхъестественной скоростью, даже по Пандоранским меркам ускоренной эволюции. Удачным побочным эффектом является то, что наши ученые, похоже, приняли это как челлендж.",,
VOID_OMEN_DESCRIPTION_TEXT_7,Text,,"The repurposed weather satellites we have been using to monitor the Mist are showing manyfold higher concentrations of it in covered areas. Recommend augmenting standard deployment to maintain adequate situational awareness.

<i> ""It has nothing to do with meteorology. We know nothing about the Mist: why it moves, where to, why there is so much more of it all of a sudden. Yes, as a ""Mist Expert"" I admit I'm a fraud."" </i>",,"<i>""Cela n'a rien à voir avec la météorologie. Nous ne savons rien de la brume : pourquoi elle se déplace, où elle va, pourquoi il y en a tellement plus tout d'un coup. Oui, en tant qu'""expert en brouillard"", j'admets que je suis un imposteur.""</i> ",,,,"Перепрофилированные метеорологические спутники, которые мы использовали для мониторинга Тумана, показывают, что его концентрация в некоторых районах во много раз выше предполагаемой. Рекомендуем усилить стандартные отряды для обеспечения адекватного реагирования.

<i> ""Это не имеет никакого отношения к метеорологии. Мы ничего не знаем о Тумане: почему он движется, куда направляется, почему его вдруг стало так много. Да, как «Эксперт по Туману», я признаю, что я не всеведущ."" </i>",,
VOID_OMEN_DESCRIPTION_TEXT_7_ALT,Text,,"The repurposed weather satellites we have been using to monitor the Mist are detecting significantly expanded coverage in affected areas, though the Mist itself appears to be less densely concentrated.

<i> ""It has nothing to do with meteorology. We know nothing about the Mist: why it moves, where to, why there is so much more of it all of a sudden. Yes, as a ""Mist Expert"" I admit I'm a fraud."" </i>",,,,,,"Перепрофилированные метеорологические спутники, которые мы использовали для мониторинга Тумана, показывают значительное расширение зоны покрытия в пострадавших районах, хотя сам Туман, по-видимому, менее плотный.

<i> ""Это не имеет никакого отношения к метеорологии. Мы ничего не знаем о Тумане: почему он движется, куда направляется, почему его вдруг стало так много. Да, как «Эксперт по Туману», я признаю, что я не всеведущ."" </i>",,
VOID_OMEN_DESCRIPTION_TEXT_8,Text,,"Reports from our sources in New Jericho indicate that the faction is implementing enhanced security protocols and increased scrutiny of outside contacts. Surprisingly, our intelligence shows that this behavior is being mirrored by the Disciples of Anu and Synedrion.

<i> ""Them and us, we can't help but see the world that way. Odd how sometimes that peaks and we forget that we are all part of the same species. A species that is currently facing extinction.""</i>",,"<i>""Eux et nous, on ne peut s'empêcher de voir le monde de cette façon. C'est étrange comme parfois cela culmine et nous oublions que nous faisons tous partie de la même espèce. Une espèce qui est actuellement en voie d'extinction.""</i> ",,,,"Наши источники в Новом Иерихоне сообщают, что фракция внедряет дополнительные протоколы безопасности и усиливает контроль внешних контактов. Удивительно, но наша разведка докладывает, что тоже самое делают Последователи Ану и Синедрион.

<i>""Они - не мы, и мы не можем воспринимать мир так, как они. Однако, иногда это захватывает нас так сильно, что легко забыть: все мы являемся частью одного и того же вида. Вида, который в настоящее время находится на грани вымирания.""</i>",,
VOID_OMEN_DESCRIPTION_TEXT_9,Text,,"We are receiving reports of a high number of sightings of sizable Pandoran concentrations in the vicinity of havens. Our conclusion is that we are entering a more active phase of Pandoran aggression against remaining centers of population.

<i> ""I would say they are off the leash now, but, if so, who was holding it?""</i>",,"<i>""C'est un cauchemar éveillé. Tu peux t'habituer aux cauchemars ?""</i>",,,,"Мы получаем сообщения о большом количестве случаев обнаружения значительных скоплений Пандоранов вблизи убежищ. Похоже, мы вступаем в более активную фазу агрессии Пандоранов против оставшихся поселений.

<i> ""Я бы сказал, что они совсем сорвались с поводка, но если это так, то кто же его держал?""</i>",,
VOID_OMEN_DESCRIPTION_TEXT_10,Text,,"Our operatives are exhibiting symptoms akin to myalgic encephalitis, or chronic fatigue syndrome. Field observation and medical examinations confirm strong correlation with prolonged exposure to the Mist.",,<i>Je ne peux pas me réveiller Je ne peux pas me réveiller Je ne peux pas me réveiller <b>JE NE PEUX PAS ME REVEILLER</b></i>,,,,"У наших бойцов наблюдаются симптомы, похожие на миалгический энцефалит или синдром хронической усталости. Полевые наблюдения и медицинские осмотры подтверждают устойчивую связь этих симптомов с длительным пребыванием в Тумане.",,
VOID_OMEN_DESCRIPTION_TEXT_11,Text,,"Pattern analysis of the Behemoth creature and of its surrounding ecology suggests longer periods of above-surface activity for an indeterminate period of time.

<i>""Could this be another milestone in its evolution? Will we be seeing the marine-origin airborne creatures in the 'Festering Skies' walking on land next? I certainly hope not.</i>”",,<i>Il ne veut pas s'arrêter</i>,,,,"Анализ структуры этого гигантского существа и окружающей его экологии позволяет предположить более длительные периоды активности в течение неопределенного периода времени.

<i>""Может ли это быть еще одной вехой в его эволюции? Не увидим ли мы в следующий раз летающих существ морского происхождения из ""Гнойного Неба"", внезапно разгуливающими по суше? Я, конечно, надеюсь, что нет.""</i>",,
VOID_OMEN_DESCRIPTION_TEXT_12,Text,,"Our intelligence shows that the number of Pandorans involved in the attacks against the havens has increased substantially. We speculate that they must be trying to overcome the haven defenses by brute force. Unless other circumstances concur, this simple strategy might prove highly effective.",,<i>Ils nous envoient tout ce qu'ils ont</i>,,,,"Наша разведка докладывает, что число Пандоранов, участвующих в нападениях на убежища, значительно увеличилось. Мы предполагаем, что они, должно быть, получили приказ прорваться любой ценой. Очень может быть, что эта простая стратегия окажется весьма эффективной.",,
VOID_OMEN_DESCRIPTION_TEXT_13,Text,,"Overhead imagery and field observations confirm our previous suspicions that the Pandorans are using predominantly lower evolution tier creatures to build their colonies, the basic Arthron claw being the main digging utensil. Startlingly, these digging operations have experienced a dramatic increase in number and intensity.",,"<i>""Ecoutez, les Colonies Pandoriennes ne se créent pas par hasard... Elles suivent un certain modèle ; je ne peux pas vous dire lequel car nous ne le comprenons pas... pour le moment. Mais je peux vous dire que quelque chose a changé.""</i>",,,,"Снимки с воздуха и полевые наблюдения подтверждают наши прежние подозрения о том, что Пандораны используют преимущественно существ более низкого эволюционного уровня для создания своих колоний, а основным строительным инструментом является клешня Артрона. Поразительно, но количество и интенсивность этих землеройных работ резко возросли.",,
VOID_OMEN_DESCRIPTION_TEXT_14,Text,,"According to recent field reports we have begun experiencing unexplainable shortcomings in our situational awareness during combat operations. Further analysis and experimentation at our research facilities has led us to an unexpected conclusion: this is a species-wide perception reducing effect tied to an unknown neurological condition.  

<i>Have you noticed how things look less substantial these days? Like they were covered in fog, or made of cotton candy. Maybe it's just me.</i>",,<i>Avez-vous remarqué que les choses ont l'air moins importantes de nos jours ? Comme si elles étaient couvertes de brouillard ou faites de barbe à papa. Peut-être que c'est juste moi.</i>,,,,"Согласно поступающим докладам, мы начали испытывать необъяснимые проблемы в боях. Дальнейший анализ и эксперименты в наших исследовательских центрах привели нас к неожиданному выводу: это эффект снижения восприятия в масштабах всего вида, связанный с неизвестным неврологическим заболеванием.

<i>""Вы замечали, что в последнее время все выглядит менее материальным? Как будто все покрыто туманом или сделано из сахарной ваты. Может, это только у меня так?""</i>",,
VOID_OMEN_DESCRIPTION_TEXT_15,Text,,"The number of reports of encounters with psycho-paranormal phenomena is currently peaking. Since we cannot objectively verify the occurrence of these events, we are increasing the frequency of psyche evaluations of all operatives.

<i>Our people are seeing <b>more</b> oil monsters in the field. Not surprisingly the strict adherents of the scientific method among us are explaining this away as our operatives are going <b>more</b> crazy.""</i>",,"<i>""Nos hommes voient de <b>plus en plus</b> de monstres pétroliers sur le terrain. J'ai hâte que les adeptes de la méthode scientifique expliquent cela par le fait que nos agents deviennent de <b>plus en plus</b> fous.""</i>",,,,"Количество сообщений о встречах с психо-паранормальными явлениями в настоящее время достигло своего пика. Поскольку мы не можем объективно подтвердить факт существования этих событий, мы увеличиваем частоту психиатрических обследований всех сотрудников.

""<i>Наши люди видят все <b>больше</b> нефтяных фиолетовых монстров в боях. Строгие приверженцы научного метода среди нас объясняют это тем, что наши бойцы все больше сходят с ума.</i>""",,
VOID_OMEN_DESCRIPTION_TEXT_16,Text,,We are receiving reports of psycho-paranormal phenomena occurring in areas where no Mist is present. A likely explanation is that it is another manifestation of the mass psychogenic illness or mass hysteria somehow connected to the Oneiric Delirium.,,<i>Ce n'est pas juste ! Les démons sont censés suivre des règles aussi !</i>,,,,"Мы получаем сообщения о психо-паранормальных явлениях, происходящих в районах, где нет Тумана. Вероятным объяснением является то, что это еще одно проявление массового психогенного заболевания или массовой истерии, каким-то образом связанных с Сонным Безумием.",,
VOID_OMEN_DESCRIPTION_TEXT_17,Text,,"Exploration of havens destroyed by Pandorans typically conform to a scenario of complete destruction of the haven facilities and the physical extermination or kidnapping of all its inhabitants. However, we are receiving reports that havens in areas covered by Mist are suffering a different fate.",,<i>Et si c'était leur but ultime ? Faire de nous tous les marionnettes d'une intelligence extraterrestre ?</i>,,,,"Исследование убежищ, разрушенных Пандоранами, обычно соответствует сценарию полного уничтожения объектов убежища и физического истребления или похищения всех его обитателей. Однако мы получаем сообщения о том, что убежища в районах, покрытых Туманом, постигает иная участь.",,
VOID_OMEN_DESCRIPTION_TEXT_18,Text,,"Our intelligence sources within the factions report that they are mobilizing additional personnel to enhance the havens defense capabilities and reduce their dependence on outside help, most notably the Phoenix Project. We have to look for other sources of resource procurement for the time being.

<i>""To keep the Synedrion dream alive, we must keep our people alive. Join the volunteer militia today! Service guarantees basic alimentary allocation."" </i> - Notice on a public Synedrion feed",,,,,,"Наши разведчики во фракциях сообщают, что там мобилизуют дополнительный персонал для усиления обороноспособности убежищ и уменьшения их зависимости от внешней помощи, в первую очередь - от Проекта Феникс. В настоящее время мы вынуждены искать другие источники закупки ресурсов.

<i>""Чтобы сохранить мечту Синедриона, мы должны сохранить жизнь нашим людям. Присоединяйтесь к добровольческому ополчению сегодня! Служба - это гарантия получение продуктового пайка!"" </i>

- объявление в новостной ленте Синедриона.",,
VOID_OMEN_DESCRIPTION_TEXT_19,Text,,"We have arrived at a troubling conclusion based on recent operational debriefings: the Pandorans seem to possess intelligence regarding our tactics and war doctrine and are physiologically adapting to it on the fly. Our friends at the Bazaar have confirmed that this is a generalized phenomenon and have expressed willingness to assist us in any way they can.

<i>They *know* us. Is it really all that surprsing? We are seeing their nightmares, they learn our tactics.</i>",,"<i>Ils nous ""connaissent"". Est-ce vraiment si surprenant ? Nous voyons leurs cauchemars, ils apprennent nos tactiques.""</i>",,,,"Мы пришли к тревожному выводу, основанному на недавних оперативных отчетах: Пандораны, похоже, обладают информацией о нашей тактике и военной доктрине, и физиологически приспосабливаются к ним налету. Наши друзья с Базара подтвердили, что это распространенное явление, и выразили готовность помочь нам всеми возможными способами.

<i>""Они нас *знают*. Что тут удивительного? Мы видим их кошмары, они учатся с нами воевать.""</i>",,
VOID_OMEN_DESCRIPTION_TEXT_20,Text,,<i>They are always coming up with something new.</i>,,<i>Ils sont toujours en train d'inventer quelque chose de nouveau.</i>,,,,<i> Они вечно придумывают что-то новое.</i>,,
VOID_OMEN_REMOVAL_TEXT_1,Text,,"In the aftermath of heightened hostilities and intensified resource acquisition, the operational landscape gradually reverts to established parameters. The aberrant frequency of ambushes diminishes, returning to standard levels.",,,,,,"После ряда жестких боев за ресурсы оперативная обстановка постепенно возвращается к обычным параметрам. Аномальная частота засад уменьшается, возвращаясь к стандартному уровню.",,
VOID_OMEN_REMOVAL_TEXT_2,Text,,"Following a period characterized by a reduction in political engagement, the populace's interest and involvement in factional dynamics show signs of normalization. Diplomatic challenges resume their standard equilibrium. The ebb and flow of diplomatic interactions return to baseline parameters.",,,,,,"После периода, характеризующегося снижением политической активности, интерес населения и его вовлеченность в фракционную динамику демонстрируют признаки нормализации. Дипломатические проблемы возвращаются к своему стандартному равновесию. Взлеты и падения дипломатических взаимодействий возвращаются к исходным параметрам.",,
VOID_OMEN_REMOVAL_TEXT_3,Text,,"The reported increase in feelings of persistent tiredness and increased difficulty in executing strenuous mental or physical tasks has subsided, marking a return to standard operational parameters. We attribute with high confidence the recovery to customary levels of operational efficiency to adjustment in pharmacological and direct-stimulatory therapy. ",,,,,,"Отмечаемые негативные эффекты (чувство постоянной усталости и неспособность выполнять напряженные умственные или физические задачи) уменьшилось, что свидетельствует о возвращении к стандартным рабочим параметрам. Мы с высокой степенью уверенности связываем восстановление работоспособности до обычного уровня с корректировкой фармакологической и стимулирующей терапии.",,
VOID_OMEN_REMOVAL_TEXT_4,Text,,"The disconcerting trend observed in operative behavior, marked by increased irritability and self-reliance, has abated. Operational cohesion is restored as operatives regain trust in their teammates. The organization returns to its customary level of teamwork and collaborative task execution",,,,,,"Тревожная тенденция в поведении бойцов, характеризующаяся повышенной раздражительностью и уверенностью в себе, уменьшилась. Командная сплоченность восстанавливается по мере того, как бойцы вновь обретают доверие к своим товарищам по оружию. Организация возвращается к привычному уровню командной работы и отрядного выполнения миссий.",,
VOID_OMEN_REMOVAL_TEXT_5,Text,,"The peculiar shift in attitude among Haven defenders, rendering them perpetually hostile, has concluded. Normalcy is restored, and the defenders resume their customary disposition.",,,,,,"Своеобразный сдвиг в поведении защитников убежищ, который делал их постоянно враждебными, прошел сам собой. Нормальная обстановка восстановлена, и защитники возвращаются к своему обычному поведению.",,
VOID_OMEN_REMOVAL_TEXT_6,Text,,"The accelerated evolution observed in Pandoran entities, a response to losses sustained in missions and colonies, has ceased. Concurrently, the augmented research output from the Phoenix Project has returned to standard levels. The intricate dance of adaptation and advancement reaches an equilibrium.",,,,,,"Ускоренная эволюция, наблюдаемая у Пандоранских существ в ответ на потери, понесенные в миссиях и колониях, прекратилась. Одновременно с этим процессы исследований в рамках Проекта Феникс вернулись к стандартному уровню. Сложный процесс адаптации и корреляции достиг равновесия.",,
VOID_OMEN_REMOVAL_TEXT_7,Text,,"The heightened concentrations of Mist observed in covered areas, prompting the augmentation in operative deployment, have abated. The standard Mist levels return, and the organization resumes deploying the customary number of operatives on standard missions. Operational situational awareness is maintained at expected levels.",,,,,,"Повышенная плотность Тумана, наблюдаемая в некоторых районах и приведшая к усиленному реагированию, уменьшилась. Туман возвращается к обычному уровню, и Феникс возобновляет высадку обычных отрядов в стандартных миссиях. Ситуация продолжает контролироваться в штатном режиме.",,
VOID_OMEN_REMOVAL_TEXT_7_ALT,Text,,The previously expanded coverage of Mist observed in affected areas has diminished. Its concentration has also returned to standard levels. Operational situational awareness in areas with Mist presence back at original levels.,,,,,,,,
VOID_OMEN_REMOVAL_TEXT_8,Text,,"The heightened diplomatic tensions among factions have dissipated. Intelligence gathered from New Jericho, Disciples of Anu, and Synedrion indicates the conclusion of enhanced security protocols and increased scrutiny of outside contacts. The factions return to standard diplomatic postures, while the temporary doubling of research efforts by factions has concluded.",,,,,,"Обострившаяся дипломатическая напряженность между фракциями рассеялась. Разведданные, собранные в Новом Иерихоне, Ану и Синедрионе, указывают на принятие усиленных протоколов безопасности и усиление контроля за внешними контактами. Фракции возвращаются к стандартным дипломатическим отношениям, в то время как временное ускорение исследовательских усилий фракций завершилось.",,
VOID_OMEN_REMOVAL_TEXT_9,Text,,"The heightened frequency of Pandoran concentrations near havens, leading to increased attacks, has subsided. The organization returns to a phase of relative respite from the escalated aggression witnessed against the remaining centers of population. Vigilance, however, remains paramount.",,,,,,"Скопления Пандоранов вблизи убежищ рассеялись, массированные нападения прекратились. Организация возвращается к фазе относительной передышки после эскалации агрессии, направленной против оставшихся поселений. Однако бдительность терять нельзя..",,
VOID_OMEN_REMOVAL_TEXT_10,Text,,"The period marked by stronger than expected effects of Mist exposure has concluded. Our operatives, who previously exhibited symptoms resembling myalgic encephalitis or chronic fatigue syndrome, have undergone a transition. ",,,,,,"Период, ознаменовавшийся более сильными, чем ожидалось, последствиями воздействия Тумана, подошел к концу. Наши бойцы, у которых ранее наблюдались симптомы энцефалита и синдрома хронической усталости, пришли в себя.",,
VOID_OMEN_REMOVAL_TEXT_11,Text,,"The departure from established behavioral patterns exhibited by Behemoth entities concludes, restoring conventional expectations of their sub-surface duration. The previously elevated disruption threshold, indicative of prolonged above-surface activity, reverts to its customary parameters.",,,,,,"Отход от устоявшейся модели поведения, демонстрируемый гигантским существом относительно продолжительности его пребывания под поверхностью воды, завершился. Повышенная ранее продолжительность активности в ""Небе"" возвращается к своим обычным параметрам.",,
VOID_OMEN_REMOVAL_TEXT_12,Text,,"The surge in Pandoran forces involved in attacks against havens concludes, marking a return to standard levels of engagement. The speculated strategy of overwhelming haven defenses through brute force diminishes, and the havens resume facing challenges within customary parameters.",,,,,,"Увеличение численности Пандоранских отрядов при нападениях на убежища завершился. Происходит возвращение к стандартному уровню боевых действий. Предполагаемая стратегия прорыва обороны убежищ грубой силой ослабевает, и убежища снова сталкиваются со стандартными набегами.",,
VOID_OMEN_REMOVAL_TEXT_13,Text,,"The accelerated pace of Pandoran colony construction has abated. The construction operations return to their customary tempo, offering a brief reprieve in the intensity and number of new colonies established.",,,,,,"Ускоренные темпы строительства Пандоранских Колоний снизились. Копание нор возвращается к своему обычному темпу, что дает небольшую передышку в интенсивности и количестве создаваемых новых колоний.",,
VOID_OMEN_REMOVAL_TEXT_14,Text,,"The unexplainable shortcomings in situational awareness during combat operations, linked to a species-wide perception-reducing effect, have dissipated. Our understanding of the unknown neurological condition remains limited, but operational perception is restored to previous baseline level.",,,,,,"Необъяснимые недостатки в ориентировании во время боевых действий, связанные с эффектом снижения восприятия в масштабах всего вида, устранены. Наше понимание неизвестного неврологического состояния остается ограниченным, но оперативное восприятие восстанавливается до прежнего базового уровня.",,
VOID_OMEN_REMOVAL_TEXT_15,Text,,Reports of encounters with psycho-paranormal phenomena have subsided to previously customary levels. Ongoing psyche evaluations of operatives are maintained for comprehensive assessment.,,,,,,Количество сообщений о столкновениях с психо-паранормальными явлениями снизилось до обычного уровня. Для всесторонней оценки проводятся постоянные психические обследования бойцов.,,
VOID_OMEN_REMOVAL_TEXT_16,Text,,Reports of psycho-paranormal phenomena manifesting in areas devoid of Mist have subsided. Operational vigilance remains a priority.,,,,,,"Количество сообщений о психо-паранормальных явлениях, проявляющихся в районах, где нет Тумана, уменьшилось. Но мы продолжаем наблюдения...",,
VOID_OMEN_REMOVAL_TEXT_17,Text,,"The anomalous fate befalling havens destroyed by Pandorans, particularly in areas enveloped by Mist, undergoes diminution to previously observed standards.",,,,,,"Аномальное количество заражений убежищ, разрушенных Пандоранами, особенно в районах, окутанных Туманом, снижается до уровня, наблюдавшегося ранее.",,
VOID_OMEN_REMOVAL_TEXT_18,Text,,"The heightened defense capabilities of havens, facilitated by increased factional mobilization, have stabilized. Simultaneously, the reduced dependence on external assistance, notably from the Phoenix Project, concludes.",,,,,,"Наращивание обороны убежищ на фоне усиленной мобилизации фракций завершилось. Одновременно отмечается снижение зависимости от внешней помощи, в частности, от Проекта Феникс.",,
VOID_OMEN_REMOVAL_TEXT_19,Text,,"The unsettling phenomenon of Pandorans gaining adaptive resistance to our tactics and war doctrine has abated. Based on recent operational debriefings, it appears that the Pandorans' seemingly intelligent adaptation to our strategies has concluded. Our associates at the Bazaar claim that they are unable to sustain provision of goods and services at reduced prices.",,,,,,"Тревожный феномен усиления адаптивной стойкости Пандоранов к нашей тактике и оружию прошел. Судя по недавним оперативным отчетам, кажется, что адапционный потенциал Пандоранов исчерпан. Наши партнеры на Рынке утверждают, что они более не в состоянии поддерживать поставку товаров и услуг по сниженным ценам.",,
VOID_OMEN_DESCRIPTION_TEXT_EXTRA_HELENA_5,Text,,"<i>""Belief in extravagant conspiracy theories, attributing supreme power of manipulation and nefarious purpose to an ethnic group or some other collective, was a hallmark of our pre-collapse civilization. Some things I wish we could put under the ground and never dig up.""</i>",,,,,,"<i>""Вера в экстравагантные теории заговора, приписывающие этнической группе или какой-либо другой группе нереальную силу манипулирования и, заодно, гнусные цели, была отличительной чертой нашей цивилизации, существовавшей до апокалипсиса. Какашки, которые я хотела бы глубоко зарыть в землю и никогда не выкапывать обратно.""</i>",,
VOID_OMEN_DESCRIPTION_TEXT_EXTRA_HELENA_6,Text,,"<i>""Have we always been in this race? Also those that had called Earth their home before us?""</i>",,,,,,"<i>""Всегда ли мы участвовали в этой гонке? А те, которые еще до нас называли Землю своим домом?""</i>",,
VOID_OMEN_INTRO,Text,,"We believe we are observing the first effects of the Oneiric Delirium on a collective scale. The phenomenon is akin to mass hysteria.

Synedrion psycho-sociologists are rationalizing the documented instances of widespread psychosis as the result of stresses to which our communities are subjected when our species is facing the possibility of extinction.

However, the global scale and eerie thematic homogeneity of these events suggests a different causal relationship.

Given what we know about the Oneiric Delirium and its connection to the Mist, there is little room for doubt: our collective psyche has become another battleground in our struggle with the Pandoravirus.",,"Nous pensons que nous observons les premiers effets du délire onirique à l'échelle collective. Le phénomène s'apparente à une hystérie de masse.

Les psychosociologues de Synedrion rationalisent les cas documentés de psychose généralisée comme étant le résultat du stress auquel nos communautés sont soumises lorsque notre espèce est confrontée à la possibilité d'extinction.

Cependant, l'échelle mondiale et l'étrange homogénéité thématique de ces événements suggèrent une relation causale différente.

Compte tenu de ce que nous savons du délire onirique et de son lien avec la Brume, le doute n'est plus permis : notre psyché collective est devenue un autre champ de bataille dans notre lutte contre le pandoravirus.",,,,"Мы считаем, что наблюдаем первые проявления Сонного Безумия в коллективном масштабе. Это явление сродни массовой истерии.

Психосоциологи Синедриона объясняют документально подтвержденные случаи широкого распространения психозов как результат стрессов, которым подвергаются наши сообщества, когда наш вид оказывается на грани вымирания.

Однако глобальный масштаб и жуткая тематическая однородность этих событий наводят на мысль о другой причинно-следственной связи.

Учитывая то, что мы знаем о Сонном Безумии и его связи с Туманом, остается мало места для сомнений: наша коллективная психика стала еще одним полем битвы в нашей борьбе с Пандоравирусом.",,
VOID_OMEN_INTRO_TITLE,Text,,Omens of the Void,,Les présages du vide,,,,Знамения Пустоты,,
SDI_01_TEXT_GENERAL_0,Text,,"We are ready to share our preliminary findings regarding the new Pandoravirus outbreak.

The viral mist is an extremely unusual phenomenon. It is in fact a highly complex aerosol, capable of moving with deliberation and transporting viral DNA and other microbes.

It is our belief that the vast waves of mist that helped cause the destruction of civilization were generated underwater by gigantic, mutated structures. Each wave, including the current one (referred to by the population as the Third Mist), has slightly different properties.
",,,,,,"Мы готовы поделиться нашими предварительными выводами относительно новой вспышки Пандоравирусной инфекции.

Вирусный Туман - чрезвычайно необычное явление. На самом деле это очень сложный аэрозоль, способный целенаправленно перемещаться и переносить вирусную ДНК и другие микробы.

Мы считаем, что огромные волны Тумана, которые привели к гибели цивилизации, были созданы под водой гигантскими мутировавшими структурами. Каждая волна, включая текущую (которую люди называет Третьим Туманом), имеет несколько отличающиеся друг от друга свойства.",,
SDI1_OUTCOME,Text,,"We have received reports of a variety of afflictions suffered by individuals who have traveled or reside in areas covered by the mist: tiredness, lack of energy, brain fog, anguish, and sometimes hallucinations.

So far we can conclude the following:

1) Symptoms never fully disappear, but are negligible when the subjects are fully rested, and progressively become worse as they exert themselves.
2) Symptoms get worse if the subject stays or returns to locations where mist is present.

We have termed this condition ""Oneiric Delirium"", on account of the subjects complaining of nightmares, or ""crazy dreams"", with similar themes of monstrous degeneration and smothering.

<color=#ec9006><b>Our operatives can now be afflicted with a Delirium status of up to a third of their Willpower</b></color>",,,,,,"Мы получили сообщения о различных недугах, от которых страдают люди, путешествующие или проживающие в районах, покрытых Туманом: усталость, недостаток энергии, затуманивание сознания, тоска, а иногда и галлюцинации.

На данный момент мы можем сделать следующие выводы:

1) Симптомы никогда полностью не исчезают, но уменьшаются, если больной полностью отдохнул, и постепенно ухудшаются по мере того, как он бодрствует.
2) Симптомы усиливаются, если больной остается или возвращается в места, где присутствует Туман.

Мы назвали это состояние ""Сонным Безумием"" из-за того, что больные жаловались на удушающие ночные кошмары, или ""безумные сны"", со схожими видениями чудовищ.

<color=#ec9006><b>Теперь наши бойцы могут получать статус заражения Сонным Безумием с максимальным уровнем до трети их Силы Воли</b></color>",,
SDI_01_TITLE,Text,,The Third Mist,,,,,,Третий Туман,,
SDI6_OUTCOME,Text,,"The Oneiric Delirium grows stronger.

<color=#e8bcf0><b>Our operatives can now be afflicted with a Delirium status of up to half of their Willpower</b></color>",,,,,,"Сонное Безумие становится все сильнее.

<color=#e8bcf0><b>Теперь наши бойцы могут получать статус заражения Сонным Безумием с максимальным уровнем до половины их Силы Воли</b></color>",,
SDI7_OUTCOME,Text,,<color=#e8bcf0><b>Havens in the Mist can become infested instead of destroyed when attacked by Pandorans. Infested havens accelerate Pandoran evolution.</b></color>,,,,,,"<color=#e8bcf0><b>Убежища в Тумане могут быть заражены, а не уничтожены при нападении Пандоранов. Зараженные убежища ускоряют эволюцию Пандоранов.</b></color>",,
SDI09_OUTCOME,Text,,<color=#e8bcf0><b>The Umbra grow in strength</b></color>,,,,,,<color=#e8bcf0><b>Фиолетовые Твари становятся сильнее</b></color>,,
SDI10_OUTCOME,Text,,"The Oneiric Delirium grows stronger.

<color=#e8bcf0><b>Our operatives can now be afflicted with a Delirium status equal to their Willpower</b></color>",,,,,,"Сонное Безумие становится еще сильнее.

<color=#e8bcf0><b>Теперь наши бойцы могут получать статус заражения Сонным Безумием с максимальным уровнем равным их Силе Воли</b></color>",,
SDI11_OUTCOME,Text,,<b> Berith are coming! </b>,,,,,,<b> Они идут! </b>,,
KEY_VOID_OMEN_NEW,Text,,NEW:,,,,,,НОВОЕ:,,
KEY_VOID_OMEN_LUCKY_ROLL,Text,,"""Can you feel it? The weight lifting off your chest? These days we are lucky if we get any respite at all."" - Alistair Ashby",,,,,,"""Ты чувствуешь это? Тяжесть упала с твоих плеч? В эти дни нам везет, если мы вообще получаем передышку"" - Алистер Эшби",,
KEY_VOID_OMEN_REMOVED_TEXT0,Text,,REMOVED:,,,,,,ЗАВЕРШЕНО:,,
KEY_VOID_OMEN_REMOVED_TEXT1,Text,,passed over.,,,,,,завершено.,,
KEY_VOID_OMEN_REMOVED0,Text,,You destroyed a Pandoran Colony!,,,,,,Вы уничтожили Пандоранскую колонию!,,
KEY_VOID_OMEN_REMOVED1,Text,,The odds are in your favor!,,,,,,Шансы на вашей стороне!,,
KEY_VOID_OMEN_REMOVED2,Text,,replaced by new Void Omen.,,,,,,заменено новым Знамением Пустоты!,,
KEY_ODPIA_TEXT,Text,,Oneiric Delirium Psychosocial Impact Assessment,,,,,,Оценка психосоциального воздействия Сонного Безумия,,
KEY_EXCREPT,Text,,Excerpt from,,,,,,Выдержка из документа,,
KEY_EXECUTIVE_SUMMARY,Text,,Executive Summary,,,,,,Краткое содержание,,