Key,Type,Desc,English,Chinese (Simplified),French,German,Italian,Polish,Russian,Spanish,UI_Tester
TFTV_CRUISE_CONTROL_MODULE_DESCRIPTION,Text,,Provides +4 passenger slots and increases aircraft speed,,,,,,+4 места для бойцов и увеличение скорости самолета,,
TFTV_CRUISE_CONTROL_MODULE_NAME,Text,,Quick response passenger module,,,,,,Модуль перехвата и вместимости,,
TFTV_FUEL_TANK_MODULE_DESCRIPTION,Text,,Provides +4 passenger slots and increases aircraft range,,,,,,+4 места для бойцов и увелечение дальности полета самолета,,
TFTV_FUEL_TANK_MODULE_NAME,Text,,Extended range passenger module,,,,,,Модуль дальности полета и вместимости,,
KEY_TFTV_CAPTURE_MODULE_NAME,Text,,Scylla capture passenger module,,,,,,Модуль захвата Сциллы и вместимости,,
KEY_TFTV_CAPTURE_MODULE_DESCRIPTION,Text,,Provides +4 passenger slots and additional capture capabilities,,,,,,+4 места для бойцов и изолятор для Сциллы,,
KEY_DLC3_GEOBONUS_RECUPERATION,Text,,"Allows capturing Scylla, + 8 capture slots",,,,,,"Три дополнительных слота для захвата, можно захватить даже Сциллу",,
KEY_DLC3_GEOBONUS_STAMINA,Text,,Onboard personnel recovers Stamina,,,,,,Пассажиры самолета медленно восстанавливают Выносливость,,
TFTV_FARM_MODULE_DESCRIPTION,Text,,Provides +4 passenger slots and stamina recovery,,,,,,Разведывательно-штурмовой модуль: +4 места для бойцов и восстановление Выносливости у пассажиров самолета,,
TFTV_FARM_MODULE_NAME,Text,,FAR-M,,,,,,РШМ,,
KEY_LIVING_MACHINE_GUN_DESCRIPTION,Text,,Poison Firing Living Machine Gun,,,,,,Стреляющий ядом Живой Пулемет,,
KEY_LIVING_MACHINE_GUN_NAME,Text,,Malachi MG,,,,,,"Пулемет ""Малачи""",,
KEY_LIVING_RIFLE_DESCRIPTION,Text,,Acid Firing Living Assault Rifle,,,,,,Стреляющий кислотой Живой Автомат,,
KEY_LIVING_RIFLE_NAME,Text,,Burner AR,,,,,,"Автомат ""Сжигатель""",,
KEY_BASE_FACILITY_FOOD_PRODUCTION_DESCRIPTION_TFTV,Text,,A food production facility that generates enough food for 8 soldiers each day. Allows rendering captured Pandorans for food after corresponding research.,,,,,,"Пищевой комбинат, производит достаточно еды для 8 бойцов каждый день. Позволяет перерабатывать захваченных Пандоранов в пищу после выполнения соответствующего исследования.",,
KEY_BASE_FACILITY_MUTATION_LAB_DESCRIPTION_TFTV,Text,,"Allows soldiers to be mutated, and produces mutagens from captured Pandorans - the raw material for mutation.",,,,,,Позволяет бойцам управляемо мутировать и добывает мутагены из пленных Пандоранов - сырье для мутаций.,,
KEY_BASE_FACILITY_ARCHEOLOGY_LAB_DESCRIPTION,Text,,The Archaeology Lab allows the construction of Archaeology Probes. You only need one Archaelogy Lab and there are no benefits to having more than that. Note that it does not generate regular research.,,,,,,"Лаборатория археологии позволяет строить археологические зонды. Вам нужна только одна лаборатория археологии на все базы. Обратите внимание, что она не добавляет регулярные исследования.",,
KEY_REPAIR_KIT_DESCRIPTION,Text,,Removes all negative status effects from target.,,,,,,Снимает с цели все негативные статусы.,,
KEY_REPAIR_KIT_NAME,Text,,Nanotech Fieldkit,,,,,,Нано-аптечка,,
KEY_REPAIR_KIT_ABILITY_DESCRIPTION,Text,,"Removes all acid, bleeding, blind, paralyzed, poisoned, slowed, stun, trembling, viral status from the target.",,,,,,"Снимает с цели поражения Кислотой, Кровотечение, Ослепление, Паралич, Отравление, Замедление, Оглушение, Тремор, Вирусный статус.",,
KEY_REPAIR_KIT_ABILITY_NAME,Text,,USE NANOTECH FIELDKIT,,,,,,ИСПОЛЬЗОВАТЬ МЕДИЦИНСКИЙ НАНОДРОИД,,
KEY_PX_BLAST_RES_ATTACHMENT_DESCRIPTION,Text,,Blast and Fire Damage Resistant Vest,,,,,,"Костюм сапера, защищающий от воздействия взрывов и огня",,
KEY_PX_BLAST_RES_ATTACHMENT_NAME,Text,,Hazard Protection Vest,,,,,,Костюм сапера взрывозащитный,,
EXTRAHEALING_NAME,Text,,INCREASED HEALING,,,,,,ПОЛЕВАЯ АПТЕЧКА,,
EXTRAHEALING_DESCRIPTION,Text,,Increases incoming healing by 25%,,,,,,Улучшает лечение на 25%,,
RESISTANCE_TO_PARALYSIS_NAME,Text,,PARALYSIS RESISTANCE,,,,,,УСТОЙЧИВОСТЬ К ПАРАЛИЧУ,,
RESISTANCE_TO_PARALYSIS_DESCRIPTION,Text,,Reduces incoming paralysis damage by half,,,,,,Получаемый парализующий урон уменьшается в два раза,,
KEY_SY_POISON_RES_VEST_ATTACHMENT_DESCRIPTION,Text,,Poison and Paralysis-resistant enhanced healing undersuit,,,,,,"Костюм, защищающий от яда и парализующего оружия",,
KEY_SY_POISON_RES_VEST_ATTACHMENT_NAME,Text,,Trauma Response Vest,,,,,,Костюм биозащиты,,
KEY_BLAST_RESISTANCE_NAME,Text,,BLAST RESISTANCE,,,,,,УСТОЙЧИВОСТЬ К ВЗРЫВАМ,,
KEY_NJ_FIRE_RES_VEST_ATTACHMENT_DESCRIPTION,Text,,New Jericho Acid-resistant Undersuit Module,,,,,,"Костюм химзащиты Нового Иерихона, защищающий от воздействия кислоты",,
KEY_NJ_FIRE_RES_VEST_ATTACHMENT_NAME,Text,,Acid-Res Vest Module,,,,,,Костюм защитный химический,,
KEY_SY_MIST_REPEL_ATTACHMENT_DESCRIPTION,Text,,Synedrion Mist-repellant Leg Module,,,,,,"Модуль Синедриона для ног, позволяющий рассеивать Туман",,
NANOVEST_NAME,Text,,Nanotech Vest,,,,,,Нано-комбинезон,,
NANOVEST_DESCRIPTION,Text,,Enhanced limb protection,,,,,,"Комбинезон из наноматериала, защищающий все конечности",,
NANOVEST_ABILITY_NAME,Text,,INCREASED BODYPART HP,,,,,,УВЕЛИЧЕННЫЕ ХИТЫ ЧАСТЕЙ ТЕЛА,,
NANOVEST_ABILITY_DESCRIPTION,Text,,Increases the HP of all bodyparts by 10,,,,,,Увеличивает хиты всех частей тела на 10,,
KEY_BASE_FACILITY_CONTAINMENT_DESCRIPTION,Text,,"Live Pandorans can be contained here and kept alive. Large creatures will take more space, and space is shared across all facilities. The facility has 25 containment space.",,,,,,"Здесь держат живых Пандоранов. Крупные существа занимают больше места. Доступное пространство включает в себя все Изоляторы на базах, в каждом - 25 единиц объема.",,
Taxiarch_Nergal,Text,,Taxiarch Nergal,,,,,,Таксиарх Нергал,,
Nikolai,Text,,Nikolai,,,,,,Николай,,
Stas,Text,,Stas,,,,,,Стас,,
Zhara,Text,,Zhara,,,,,,Жара,,
Sophia_Villanova,Text,,Sophia Villanova,,,,,,София Вилланова,,
Colonel_Jack_Harlson,Text,,Colonel Jack Harlson,,,,,,Полковник Джек Харлсон,,
Captain_Richter,Text,,Captain J. P. Richter,,,,,,Капитан Дж. П. Рихтер,,
KEY_NJ_EXO_BIO_HELMET_DESCRIPTION,Text,,New Jericho Will Disruption Head Augmentation,,,,,,Аугментация «Голова-подавитель воли» Нового Иерихона,,
KEY_NJ_EXO_BIO_HELMET_LONG_DESCRIPTION,Text,,"Created as an advanced targeting implant, the Disruptor head augmentation was gradually modified to use ultrasound emitters to disrupt enemy mind processes.",,,,,,"«Голова-подавитель воли» создавалась как передовой имплант-прицел, позже модифицированный, чтобы использовать ультразвуковые излучатели для воздействия на противника - подавления его воли.",,
KEY_NJ_EXO_BIO_HELMET_NAME2,Text,,Disruptor Head,,,,,,Голова-подавитель воли,,
KEY_NJ_EXO_BIO_LEGS_DESCRIPTION,Text,,New Jericho Rocket Legs Augmentation,,,,,,Аугментация «Ноги-ракеты» Нового Иерихона,,
KEY_NJ_EXO_BIO_LEGS_LONG_DESCRIPTION,Text,,"Following the design of the Golem-B armor jetpack, the Propeller legs augmentation allows soldiers to traverse short distances flying over low obstacles on the way.",,,,,,"«Ноги-ракеты» позволяют бойцам преодолевать небольшие расстояния, облетая по пути невысокие препятствия. Разработаны на основе реактивного ранца Голем-Б.",,
KEY_NJ_EXO_BIO_LEGS_NAME2,Text,,Propeller Legs,,,,,,Ноги-ракеты,,
KEY_NJ_EXO_BIO_TORSO_DESCRIPTION,Text,,New Jericho Exoskeletal Torso Augmentation,,,,,,Аугментация «Корпус-экзоскелет» Нового Иерихона,,
KEY_NJ_EXO_BIO_TORSO_LONG_DESCRIPTION,Text,,"A third generation exoskeleton rig that allows a soldier to attach any mounted weapons or mecharms to their frame, increasing their versatility in combat by seventy-nine percent.",,,,,,"Экзоскелет третьего поколения, позволяющий бойцу носить любое встраиваемое оружие или манипуляторы, что повышает его универсальность в бою на 79%.",,
KEY_NJ_EXO_BIO_TORSO_NAME2,Text,,Neural Torso,,,,,,Корпус-экзоскелет,,
KEY_NJ_JUGG_BIO_HELMET_DESCRIPTION,Text,,New Jericho Control Resist Head Augmentation,,,,,,Аугментация «Голова-антиконтроль» Нового Иерихона,,
KEY_NJ_JUGG_BIO_HELMET_LONG_DESCRIPTION,Text,,"A massive head augmentation of reinforced titanium, the Clarity head provides complete protection to the soldier’s brain, while also isolating him from Pandoran mind control.
",,,,,,"Массивная аугментация черепа из закаленного титана, прозванная «Шапочкой-из-фольги», обеспечивает полную защиту мозга бойца, а также защищает его от Пандоранского контроля разума.",,
KEY_NJ_JUGG_BIO_HELMET_NAME2,Text,,Clarity Head,,,,,,Голова-антиконтроль,,
KEY_NJ_JUGG_BIO_LEGS_DESCRIPTION,Text,,New Jericho Safe Landing Legs Augmentation,,,,,,Аугментация «Ноги-амортизаторы» Нового Иерихона,,
KEY_NJ_JUGG_BIO_LEGS_LONG_DESCRIPTION,Text,,"Based on advanced vehicle hydraulics, the Armadillo legs allow soldiers of up to three tons to land safely from fifty meters height absorbing the entire shock.",,,,,,"«Ноги-амортизаторы» позволяют бойцам массой до трех тонн безопасно приземляться с пятидесятиметровой высоты, поглощая весь удар. Разработаны на основе передовой автогидравлики.",,
KEY_NJ_JUGG_BIO_LEGS_NAME2,Text,,Armadillo Legs,,,,,,Ноги-амортизаторы,,
KEY_NJ_JUGG_BIO_TORSO_DESCRIPTION,Text,,New Jericho Demolishing Torso Augmentation,,,,,,Аугментация «Корпус-бетонобой» Нового Иерихона,,
KEY_NJ_JUGG_BIO_TORSO_LONG_DESCRIPTION,Text,,"Initially designed for space combat, the Juggernaut torso makes a person immune to the majority of physical attacks, while also allowing soldiers to breach through solid walls by walking through them.",,,,,,"Изначально созданный для космических боев, «Корпус-бетонобой» делает человека неуязвимым для большинства физических атак и позволяет бойцам проходить сквозь прочные стены, попросту проламывая их.",,
KEY_NJ_JUGG_BIO_TORSO_NAME2,Text,,Juggernaut Torso,,,,,,Корпус-бетонобой,,
KEY_SY_SHINOBI_BIO_HELMET_DESCRIPTION,Text,,Synedrion Silent Echo Head Augmentation,,,,,,Аугментация «Голова-ниндзя» Синедриона,,
KEY_SY_SHINOBI_BIO_HELMET_LONG_DESCRIPTION,Text,,"Based on Triton head physiology, the Echo head augment is able to produce a sound suppression field, increasing soldier's stealth.",,,,,,"«Голова-ниндзя» способна гасить издаваемый звук, повышая скрытность бойца. Разработана на основе физиологии головы Тритона.",,
KEY_SY_SHINOBI_BIO_HELMET_NAME2,Text,,Echo Head,,,,,,Голова-ниндзя,,
KEY_SY_SHINOBI_BIO_LEGS_DESCRIPTION,Text,,Synedrion Anti-detection Legs Augmentation,,,,,,Аугментация «Ноги-ниндзя» Синедриона,,
KEY_SY_SHINOBI_BIO_LEGS_LONG_DESCRIPTION,Text,,"Designed for silent running, the Mirage legs allow soldiers to run through observed areas unnoticed without worrying about enemy Overwatch.",,,,,,"Созданные для бесшумного бега, «Ноги-ниндзя» позволяют бойцам незаметно пробегать под носом у врагов, находящихся в режиме наблюдения, не опасаясь перехвата.",,
KEY_SY_SHINOBI_BIO_LEGS_NAME2,Text,,Mirage Legs,,,,,,Ноги-ниндзя,,
KEY_SY_SHINOBI_BIO_TORSO_DESCRIPTION,Text,,Synedrion Melee Proficient Torso Augmentation,,,,,,Аугментация «Корпус-ниндзя» Синедриона,,
KEY_SY_SHINOBI_BIO_TORSO_LONG_DESCRIPTION,Text,,"The Vengeance torso augmentation focuses on close combat efficiency, combining reflex enhancers and vital spot targeting assistance. This also allows soldiers to wield melee weapons effectively without prior training.",,,,,,"«Корпус-ниндзя» сочетает в себе усилители рефлексов и автонаведение в уязвимые точки, что позволяет бойцам эффективно владеть оружием ближнего боя без предварительной подготовки.",,
KEY_SY_SHINOBI_BIO_TORSO_NAME2,Text,,Vengeance Torso,,,,,,Корпус-ниндзя,,
KEY_MUTATION_PART_HEAD_ARMORED_LONG_DESCRIPTION,Text,,"Developed through Arthron DNA modification, the mutation grants 30 head armor and full daze immunity. Additional +1 to Strength",,,,,,"Мутация, полученная в результате модификации ДНК Артрона, дает 30 единиц брони голове и полную невосприимчивость к оглушения. Увеличивает силу на 1",,
KEY_MUTATION_PART_HEAD_PERCEPTOR_LONG_DESCRIPTION,Text,,"Based on Scylla DNA samples, the mutation enhances the senses, increasing Perception by 8 and Accuracy by 10%.",,,,,,"Мутация основана на образцах ДНК Сциллы. Обостряет чувства, увеличивая восприятие на 8 и точность на 10%",,
KEY_MUTATION_PART_HEAD_RESISTOR_LONG_DESCRIPTION,Text,,"Engineered through Siren gene modification, the mutation offers Poison and Virus resistance, while also increasing Willpower by +2.",,,,,,"Мутация, созданная путем модификации генов Сирены, обеспечивает устойчивость к ядам и вирусам, а также увеличивает Силу Воли на 2",,
KEY_MUTATION_PART_LEG_AGILE_LONG_DESCRIPTION,Text,,"Modified based on Arthron DNA, the mutation grants superior Speed as well as goo immunity and the ability to jump up one storey.",,,,,,"Мутация на основе ДНК Артрона, дает превосходную скорость, а также невосприимчивость к слизи и способность прыгать на один этаж вверх",,
KEY_MUTATION_PART_LEG_SNEAKER_LONG_DESCRIPTION,Text,,"Combining Triton and aquatic DNA, the mutation grants superior stealth and the ability to perform kicks (Sonic Attack will daze target with WP < 15) as well as approach Sentinels without being detected.",,,,,,"Мутация на основе ДНК Тритона, дает превосходную скрытность, позволяя незаметно приближаться к Стражам, и способность выполнять «Электроудар» (оглушает врагов с Очками Воли менее 15).",,
KEY_MUTATION_PART_LEG_STOMPER_LONG_DESCRIPTION,Text,,"Created from Chiron DNA, the mutation grants Stomping Attack (Shock Attack affecting a 5-tile radius, dazing targets if shock value > target Hit Points and removes Mist and Fire from the tiles within range). Additional +1 to Strength.",,,,,,"Мутация, созданная из ДНК Хирона, дает способность ""Атака топотом"" (шоковая атака в радиусе 5 клеток, оглушающая цель, если значение шока превышает количество хитов цели). Увеличивает силу на 1",,
KEY_MUTATION_PART_PRIEST1_LONG_DESCRIPTION,Text,,"Based on DNA from the Synod of Yearning, the mutation restores 2 Will Points to all friendly living entities within 7 tiles at the start of each turn. Additional +4 to Willpower.",,,,,,"Мутация на основе ДНК «Синода Возжелания», восстанавливает 2 Очка Воли у всех союзников в радиусе 7 клеток в начале каждого хода. Увеличивает Силу Воли на 4.",,
KEY_MUTATION_PART_PRIEST2_LONG_DESCRIPTION,Text,,"Created from DNA of from the Blind Legate, the mutation allows a priest to perform Instil Frenzy (increase Speed by 33% and make them immune to panic) on allied characters. Additional +4 to Willpower.",,,,,,"Мутация на основе ДНК «Слепого Легата», позволяет жрецу вызывать Иссупление у союзников (скорость +33% и невосприимчивость к панике). Увеличивает Силу Воли на 4.",,
KEY_MUTATION_PART_PRIEST3_LONG_DESCRIPTION,Text,,"Engineered from the Keeper of the Threshhold’s DNA, the mutation grants Mind Control Immunity and the ability to perform a Psychic Scream (reduces the Will Points of all enemy units in an 8 tile radius by 10). Additional +8 to Willpower.",,,,,,"Мутация на основе ДНК «Хранителя Врат», дает иммунитет к контролю над разумом и способность издавать «Психический Вопль» (уменьшает количество Очков Воли на 10 у всех врагов в радиусе 8 клеток). Увеличивает Силу Воли на 8.",,
KEY_MUTATION_PART_TORSO_REGEN_LONG_DESCRIPTION,Text,,"Based on Arthron DNA, the mutation has regeneration capabilities (restore 10 Hit Points to arms and torso at the end of each turn) and fire resistance. Additional +1 to Strength.",,,,,,"Мутация, основанная на ДНК Артрона, дает способность к регенерации (восстанавливает 10 хитов на руках и туловище в конце каждого хода) и огнестойкость. Увеличивает Силу на 1",,
KEY_MUTATION_PART_TORSO_SHOOT_LONG_DESCRIPTION,Text,,"Created through combination of aquatic DNA, the mutation makes it possible to shoot poisonous darts at short distances. The mutation prevents the use of two-handed weapons.",,,,,,"Мутация, созданная путем сочетания ДНК различных водных организмов, позволяет стрелять ядовитыми дротиками на короткие расстояния. Использование двуручного оружия невозможно",,
KEY_MUTATION_PART_TORSO_TENTACLE_LONG_DESCRIPTION,Text,,"Two pairs of tentacles that retaliate to any proximity attack. Based on electric eel DNA, the tentacles are capable of performing melee attacks that deal Paralyze damage.",,,,,,"Две пары щупалец, которые отвечают на любую атаку с близкого расстояния и способны выполнять атаки ближнего боя с нанесением парализующего урона. Разработка на основе ДНК электрического угря.",,
TFTV_KEY_AC_MACE_NAME,Text,,Reaper,,,,,,ЖНЕЦ,,
TFTV_KEY_AC_HEAVY_NAME,Text,,Rebuke,,,,,,ДЕЗИНТЕГРАТОР,,
TFTV_KEY_AC_SNIPER_NAME,Text,,Scorpion,,,,,,СКОРПИОН,,
TFTV_KEY_AC_SCYTHE_NAME,Text,,Scyther,,,,,,КОСИЛКА,,
TFTV_KEY_AC_SHOTGUN_NAME,Text,,Shard Gun,,,,,,ОСКОЛОЧНОЕ РУЖЬЕ,,
KEY_KAOSGUNS_AMMO_KS_Obliterator_WeaponDef,Text,,Obliterator Ammo,,,,,,Патроны к Уничтожителю,,
KEY_KAOSGUNS_AMMO_DESCRIPTION_KS_Obliterator_WeaponDef,Text,,Obliterator Assault Rifle Magazine,,,,,,Магазин к автомату Уничтожитель,,
KEY_KAOSGUNS_AMMO_KS_Subjector_WeaponDef,Text,,Subjector Ammo,,,,,,Патроны к Покорителю,,
KEY_KAOSGUNS_AMMO_DESCRIPTION_KS_Subjector_WeaponDef,Text,,Subjector Sniper Rifle Magazine,,,,,,Снаряженная обойма к снайперской винтовке Покоритель,,
KEY_KAOSGUNS_AMMO_KS_Redemptor_WeaponDef,Text,,Redemptor Ammo,,,,,,Патроны к Спасителю,,
KEY_KAOSGUNS_AMMO_DESCRIPTION_KS_Redemptor_WeaponDef,Text,,Redemptor Shotgun Shells,,,,,,Боеприпасы к дробовику Спаситель,,
KEY_KAOSGUNS_AMMO_KS_Devastator_WeaponDef,Text,,Devastator Ammo,,,,,,Снаряды к Опустошителю,,
KEY_KAOSGUNS_AMMO_DESCRIPTION_KS_Devastator_WeaponDef,Text,,Devastator Cannon Shells,,,,,,Боеприпасы к автопушке Опустошитель,,
KEY_KAOSGUNS_AMMO_KS_Tormentor_WeaponDef,Text,,Tormentor Ammo,,,,,,Патроны к Мучителю,,
KEY_KAOSGUNS_AMMO_DESCRIPTION_KS_Tormentor_WeaponDef,Text,,Tormentor Handgun Magazine,,,,,,Магазин к пистолету Мучитель,,
KEY_EXPENDABLE_ARCHETYPE_FORMER_PX_NAME,Text,,SECURITY,,,,,,Бывший охранник,,
KEY_EXPENDABLE_ARCHETYPE_FORMER_PX_DESCRIPTION,Text,,"This mercenary was employed in the Phoenix Point security detail before the cataclysm, and still proudly carries an older pattern of our gear, now a little worse-for-wear after several years without proper maintenance. When you speak with them they tell you that they had no idea that the project had survived. They are dismissive of suggestions that they join back up with the cause, but mention casually that you would be very welcome to take them on at their standard rates. Plus hazard pay of course.",,,,,,"Этот наемник работал в службе безопасности Феникс-Пойнт до катаклизма и до сих пор с гордостью носит нашу экипировку старого образца, слегка потрепанную после стольких лет отсутствия надлежащего ухода. Завидев вас, он удивляется, что Проект Феникс еще жив. Он не хочет снова присоединяться Проекту, но вскользь упоминает, что был бы рад поработать с нами за обычный гонорар. Плюс, конечно, надбавки за работу в опасных условиях.",,
KEY_EXPENDABLE_ARCHETYPE_FORMER_PX_QUOTE,Text,,"<i>“We already tried to save the world once, and everyone I worked with died. It’s naive to think that everything can be overcome with grit and best intentions. Sometimes you just have to escape, survive, and reassess your priorities.”</i>",,,,,,"«Однажды мы уже пытались спасти мир, и все, с кем я работал, погибли. Наивно думать, что все можно преодолеть с помощью мужества и хороших намерений. Иногда нужно просто сбежать, выжить и пересмотреть свои приоритеты».",,
KEY_EXPENDABLE_ARCHETYPE_SECTARIAN_NAME,Text,,Sectarian (Berserker),,,,,,Сектант (Берсерк),,
KEY_EXPENDABLE_ARCHETYPE_SECTARIAN_DESCRIPTION,Text,,"This savage fighter belongs to a group of secular sceptics that tore away from the religious teachings of the Anu cult at an early stage in its development, disgusted by its dogmatism. They went on to found their own secretive warrior societies, and make heavy use of hallucinogenic drugs to induce terrifying frenzies on the battlefield. Their numbers have grown since, and they are well known and respected in the bandit settlements, where their heavy axes are symbols of ferocity and suicidal bravery. When you approach them in the bar they grin, and lazily point you to their rates.",,,,,,"Этот свирепый боец принадлежит к группе изгоев, которые отказались от религиозных учений культа Ану на ранней стадии его развития, испытывая отвращение к его догматизму. Они основали свои собственные тайные воинские общества и активно используют галлюциногенные препараты, чтобы вызывать яростное Иссупление в бою. С тех пор их численность возросла, и они хорошо известны и уважаемы в вольных поселениях, где их тяжелые топоры являются символами свирепости и самоубийственной храбрости. Когда вы подходите к нему в баре, он ухмыляется и лениво достает дощечку с вырезанными цифрами и большой корявой надписью ""МОЙ ЦЕНА"".",,
KEY_EXPENDABLE_ARCHETYPE_SECTARIAN_QUOTE,Text,,"<i>“Life is very precious, you know? You can’t just sacrifice what’s in your soul for people who don’t care whether you live or die. There’s no place in this world for cowards.” </i>",,,,,,"<i>«Жизнь очень ценная штука, понимаешь? Ты не можешь просто пожертвовать тем, что у тебя на душе, ради людей, которым все равно, живой ты или мертвый. В этом мире нет места трусам.» </i>",,
KEY_EXPENDABLE_ARCHETYPE_GHOST_NAME,Text,,Ghost (Priest),,,,,,Призрак (Жрец),,
KEY_EXPENDABLE_ARCHETYPE_GHOST_DESCRIPTION,Text,,"You hear about them before you see one, and everyone has heard the stories. It was supposed to be a clandestine Synedrion programme, experimenting with shared lucid dreaming, controlled exposure to mist, and other para-physical phenomena, but you have never heard any firm agreement around what these experiments were hoping to achieve. Some say they were trying to develop truly unmediated human closeness and empathy; all that is known for sure is that they managed to escape together, that they live as refugees in the bandit towns, and that they are uniformly unstable. You don’t see this one blink once during the negotiations.",,,,,,"Вы услышали о них еще до того, как увидели своими глазами, да... все слышали эти истории. Предполагалось, что это будет тайная программа Синедриона, экспериментирующая с групповыми сновидениями наяву, контролируемым воздействием Тумана и другими парафизическими явлениями, но никто точно не знает, чего надеялись достичь в ходе этих экспериментов. Некоторые говорят, что им пытались привить по-настоящему человеческую эмпатию и сопереживание. Все, что известно наверняка - это то, что им удалось сбежать, что они живут как беженцы в вольных поселениях, и что они абсолютно не похожи на живых людей. Вы даже не заметили, чтобы этот человек хоть раз моргнул во время разговора.",,
KEY_EXPENDABLE_ARCHETYPE_GHOST_QUOTE,Text,,"<i>“Eventually, anyone who associates too closely with real power will also be exposed to it, vulnerable to its movements and its monstrous demands.”</i>",,,,,,"<i>«В конечном счете, любой, кто слишком тесно связан с реальной властью, также будет подвержен ее влиянию, обременен ее коррупцией и вынужден нести чудовищное бремя»</i>",,
KEY_EXPENDABLE_ARCHETYPE_SLUG_NAME,Text,,Slug (Technician),,,,,,Полу-киборг (Техник),,
KEY_EXPENDABLE_ARCHETYPE_SLUG_DESCRIPTION,Text,,"These mutants are the result of invasive and unsafe treatments against mist exposure. With a mixture of controlled mutation and mechanical restraining armatures, they have managed to keep their personalities intact, but many of them live in pain and most are dissociative at best. They often hire themselves out as haven guards and technical specialists, in order to raise funds that they use to ‘save’ more victims of the mist. They are generally seen in the mutant ghettoes, but this particular soldier has approached you directly and asked about being hired on.",,,,,,"Эти мутанты являются результатом инвазивного и небезопасного лечения от воздействия Тумана. С помощью комбинации контролируемых мутаций и механических имплантов им удалось сохранить свое сознание, но многие из них живут в муках, и большинство из них в лучшем случае асоциальны. Они часто нанимаются в качестве охранников убежищ или техников, чтобы собрать средства, которые они используют, что бы «спасти» больше жертв Тумана. Обычно их можно увидеть в гетто мутантов, но этот конкретный боец обратился непосредственно к вам и попросил о найме.",,
KEY_EXPENDABLE_ARCHETYPE_SLUG_QUOTE,Text,,"<i>“When I look at this world you know sometimes I see nothing worth liking. But it doesn’t matter. There are still people to fight for, people who don’t deserve to suffer like they do.”</i>",,,,,,"<i>«Знаете, когда я смотрю на этот мир, иногда я не вижу ничего, что стоило бы любить. Но это не имеет значения. Все еще есть люди, за которых нужно бороться, люди, которые не заслуживают тех страданий, которые им причиняют»</i>",,
KEY_EXPENDABLE_ARCHETYPE_SPYMASTER_NAME,Text,,Spymaster (Infiltrator),,,,,,Ниндзя (Разведчик),,
KEY_EXPENDABLE_ARCHETYPE_SPYMASTER_DESCRIPTION,Text,,"This is one of the infiltrators that work for the rulers of the bandit encampments. These are the men and women who actually undertake the high-risk sabotage and infiltration missions against the factions, and who stock the bazaar with its more exotic wares. They are also capable and ruthless enforcers and assassins, and their skills make them excellent mercenaries, hired out when their masters are in need of cash. However, the spymaster before you is obviously green; the practiced self-assured manner fools nobody.",,,,,,"Это один из разведчиков, что обычно работают на правителей вольных селений. Мужчины и женщины, они часто выполняют рискованные диверсионные операции на территории различных фракций, а потом... на Рынке вдруг появляются редкие товары. Они также способные и безжалостные бойцы и убийцы, а их навыки делают их отличными наемниками, из тех, которых нанимают, что бы заработать еще больше денег. Однако перед вами явно новичок, его наигранная уверенность вряд ли кого-то обманет.",,
KEY_EXPENDABLE_ARCHETYPE_SPYMASTER_QUOTE,Text,,"<i>“The encampments have been in chaos for years, and it was hard work putting them back together. Lots of people died, lots of people had to be killed. But nothing worth doing is easy, and things are finally improving.”</i>",,,,,,"<i>«В течение многих лет в вольных поселениях царил хаос, было тяжело с этим бороться. Многие погибли, многих пришлось убить. Ничто из того, что должно быть сделано, не бывает легким. Конечно, пока не научишься...»</i>",,
KEY_EXPENDABLE_ARCHETYPE_DOOM_NAME,Text,,Old Hound (Heavy),,,,,,Старый Пес (Тяжелый штурмовик),,
KEY_EXPENDABLE_ARCHETYPE_DOOM_DESCRIPTION,Text,,"This soldier is one of the few surviving members of a loose collection of powerful military outfits who sometimes fought alongside New Jericho in the years before the collapse. Their gear is ancient and in bad need of repair, and their outdated and poorly-maintained military implants cause them constant pain, which often makes them aggressive and confused, evidenced in trophy-taking and other unethical behaviour. Built for battle, but often untested in real combat; a scarecrow for the human carrion of the Pandoran wastes.",,,,,,"Этот старый солдат - один из немногих выживших бойцов спецназа, которые сражались бок о бок с Новым Иерихоном в годы, предшествовавшие краху. Их древнее снаряжение давно уж нуждается в ремонте, а устаревшие и плохо обслуженные боевые имплантаты причиняют постоянную боль. Это часто делает их агрессивными и бестолковыми, что проявляется в захвате трофеев и других неэтичных действиях прямо в бою. Создан для битвы, но часто не испытан в реальном бою, этакая страшилка для бродяг с Пандоранских пустошей.",,
KEY_EXPENDABLE_ARCHETYPE_DOOM_QUOTE,Text,,<i>”Usually they just run away when they see me. Usually.”</i>,,,,,,"<i>«Обычно они просто убегают, завидев меня. Обычно...»</i>",,
KEY_EXPENDABLE_ARCHETYPE_EXILE_NAME,Text,,Exile (Assault),,,,,,Изгнанник (Штурмовик),,
KEY_EXPENDABLE_ARCHETYPE_EXILE_DESCRIPTION,Text,,"A former Synedrion member that voluntarily abandoned the commune-haven—whether driven by radical beliefs, personal conflicts, or something else remains unclear. Even the origin of the armor is a mystery: it could have been a parting gift or quietly taken in the night. Whatever the truth, radical freedom includes the right to leave. Many exiles channel their independence into security work, the one service where demand always outstrips the supply. This one keeps discussion strictly professional, ignoring questions that don’t pertain to the job: expectations, contracts, perks, and day rates.",,,,,,"Бывший Синедрионовец, добровольно покинувший общину-убежище, то ли из-за радикальных убеждений, то ли из-за личных конфликтов или чего-то еще. Даже происхождение брони остается загадкой: может прощальный подарок, может тихо скомунизжена ночью. В любом случае, полная свобода включает в себя свободу покинуть свой дом. Многих изгнанников стремление к независимости приводит к работе в охране, где спрос всегда превышает предложение. Этот боец строго придерживается профессиональной этики, обсуждая исключительно вопросы, относящиеся к работе: требования, контракт, льготы и суточные ставки.",,
KEY_EXPENDABLE_ARCHETYPE_EXILE_QUOTE,Text,,"<i>”Yes, of course I have seen combat. Plenty of it. Now, when am I getting that hot shower?”</i>",,,,,,"<i>«Конечно я сражался, много раз! А горячий душ входит в контракт?»</i>",,
DOOM_SLAYER_GROM_NAME,Text,,GROM AC,,,,,,АП «Гром»,,
DOOM_SLAYER_GROM_DESCRIPTION,Text,,GROM Auto-Cannon,,,,,,Автоматическая пушка «Гром»,,
SECTARIAN_AXE_NAME,Text,,Varangian Battle Axe,,,,,,Топор,,
SECTARIAN_AXE_DESCRIPTION,Text,,Varangian Battle Axe,,,,,,Варяжский боевой топор,,
SLUG_KEY_MECH_ARMS_NAME,Text,,Parasymbiotic Interface,,,,,,Парасимбиотический интерфейс,,
SLUG_KEY_MECH_ARMS_DESCRIPTION,Text,,A crude machine that feeds on self sacrifice.,,,,,,Грубый и очень болезненный нейро-интерфейс.,,
DOOM_SLAYER_HELMET_NAME,Text,,Obsolete New Jericho Heavy Helmet,,,,,,Шлем «Бульдог №1»,,
DOOM_SLAYER_HELMET_DESCRIPTION,Text,,Warhound Mk1 Helmet,,,,,,Старинный тяжелый шлем Нового Иерихона,,
DOOM_SLAYER_TORSO_NAME,Text,,Obsolete New Jericho Heavy Body Armor,,,,,,Бронекостюм «Бульдог №1»,,
DOOM_SLAYER_TORSO_DESCRIPTION,Text,,Warhound Mk1 Body Armor,,,,,,Старинный тяжелый бронекостюм Нового Иерихона,,
DOOM_SLAYER_LEGS_NAME,Text,,Obsolete New Jericho Heavy Leg Armor,,,,,,Поножи «Бульдог №1»,,
DOOM_SLAYER_LEGS_DESCRIPTION,Text,,Warhound Mk1 Leg Armor,,,,,,Старинная тяжелая ножная броня Нового Иерихона,,
SECTARIAN_HELMET_NAME,Text,,Schismatic Disciples of Anu Berserker Helmet,,,,,,Шлем «Энкиду»,,
SECTARIAN_HELMET_DESCRIPTION,Text,,Enkidu Helmet,,,,,,Шлем изгоев-берсерков Последователей Ану,,
SECTARIAN_TORSO_NAME,Text,,Schismatic Disciples of Anu Berserker Body Armor,,,,,,Броня «Энкиду»,,
SECTARIAN_TORSO_DESCRIPTION,Text,,Enkidu Body Armour,,,,,,Нательная броня изгоев-берсерков Последователей Ану,,
SECTARIAN_LEGS_NAME,Text,,Schismatic Disciples of Anu Berserker Leg Armor,,,,,,Поножи «Энкиду»,,
SECTARIAN_LEGS_DESCRIPTION,Text,,Enkidu Leg Armour,,,,,,Ножная броня изгоев-берсерков Последователей Ану,,
GHOST_HELMET_NAME,Text,,Experimental Synedrion Psy-Ops Helmet,,,,,,Шлем «Псионик»,,
GHOST_HELMET_DESCRIPTION,Text,,Hostile Environment Headgear,,,,,,Экспериментальный псионический шлем Синедриона,,
GHOST_LEGS_NAME,Text,,Experimental Synedrion Psy-Ops Leg Armor,,,,,,Поножи «Псионик»,,
GHOST_LEGS_DESCRIPTION,Text,,Hostile Environment Leg Protection,,,,,,Экспериментальная псионическая ножная броня Синедриона,,
GHOST_TORSO_NAME,Text,,Experimental Synedrion Psy-Ops Body Armor,,,,,,Броня «Псионик»,,
GHOST_TORSO_DESCRIPTION,Text,,Hostile Environment Suit,,,,,,Экспериментальная псионическая нательная броня Синедриона,,
SPYMASTER_HELMET_NAME,Text,,Bandit Infiltrator Helmet,,,,,,Шлем «Невидимка»,,
SPYMASTER_HELMET_DESCRIPTION,Text,,Outrider Headgear,,,,,,Шлем разведчика вольных поселений,,
SPYMASTER_TORSO_NAME,Text,,Bandit Infiltrator Body Armor,,,,,,Броня «Невидимка»,,
SPYMASTER_TORSO_DESCRIPTION,Text,,Outrider Body Armor,,,,,,Нательная броня разведчика вольных поселений,,
SPYMASTER_LEGS_NAME,Text,,Bandit Infiltrator Leg Armor,,,,,,Поножи «Невидимка»,,
SPYMASTER_LEGS_DESCRIPTION,Text,,Outrider Leg Armor,,,,,,Ножная броня разведчика вольных поселений,,
SLUG_HELMET_NAME,Text,,Bandit Technician Helmet,,,,,,Шлем «Кулибин»,,
SLUG_HELMET_DESCRIPTION,Text,,Biomechanical Breathing Apparatus,,,,,,Биомеханический дыхательный аппарат техника-самоучки,,
SLUG_TORSO_NAME,Text,,Bandit Technician Body Armor,,,,,,Нательная броня «Кулибин»,,
SLUG_TORSO_DESCRIPTION,Text,,Biomechanical Upper Exoskeleton,,,,,,Биомеханический плечевой экзоскелет техника-самоучки,,
SLUG_LEGS_NAME,Text,,Bandit Technician Leg Armor,,,,,,Ножная броня «Кулибин»,,
SLUG_LEGS_DESCRIPTION,Text,,Biomechanical Lower Exoskeleton,,,,,,Биомеханический ножной экзоскелет техника-самоучки,,
EXILE_HELMET_NAME,Text,,Geryon Headgear,,,,,,Шлем «Герион»,,
EXILE_HELMET_DESCRIPTION,Text,,Geryon Headgear,,,,,,Шлем «Герион»,,
EXILE_TORSO_NAME,Text,,Geryon Body Armour,,,,,,Броня «Герион»,,
EXILE_TORSO_DESCRIPTION,Text,,Geryon Body Armour,,,,,,Нательная броня «Герион»,,
EXILE_LEGS_NAME,Text,,Geryon Leg Armour,,,,,,Поножи «Герион»,,
EXILE_LEGS_DESCRIPTION,Text,,Geryon Leg Armour,,,,,,Ножная броня «Герион»,,
KEY_NEU_ASSAULT_BODY_DESCRIPTION,Text,,Wasteland Body Armor,,,,,,«Бронежилет» бродяг с пустошей,,
KEY_NEU_ASSAULT_BODY_NAME2,Text,,Jacket,,,,,,Куртка,,
KEY_NEU_ASSAULT_LEGS_DESCRIPTION,Text,,Wasteland Leg Armor,,,,,,«Защита» ног бродяг с пустошей,,
KEY_NEU_ASSAULT_LEGS_NAME2,Text,,Jeans,,,,,,Джинсы,,
KEY_WASTELAND_BODY_ARMOR_DESCRIPTION,Text,,Wasteland Body Armor,,,,,,«Бронекостюм» бродяг с пустошей,,
KEY_TSHIRT_NAME2,Text,,Padded T-shirt,,,,,,Футболка тактическая,,
KEY_WASTELAND_HEADGEAR_DESCRIPTION,Text,,Wasteland Headgear,,,,,,«Шлем» бродяг с пустошей. Сделан из старого армейского подшлемника,,
KEY_WASTELAND_LEGS_DESCRIPTION,Text,,Wasteland Leg Armor,,,,,,«Защита» ног бродяг с пустошей. Сшиты из кожи Тритона,,
KEY_WASTELAND_LEGS_NAME2,Text,,Jeans,,,,,,Джинсы,,
KEY_COAT_NAME2,Text,,Coat,,,,,,Плащ-палатка,,
KEY_TACTICAL_BANDANA_NAME2,Text,,Tactical Bandana,,,,,,Бандана тактическая,,
KEY_WASTELAND_SCUM_NAME,Text,,SCAVENGER TRAINING,,,,,,БРОДЯГА,,
KEY_BASE_FACILITY_SECURITY_DESCRIPTION,Text,,Provides 3 security personnel during attacks on this base.,,,,,,Выделяет 3-х охранников-штурмовиков при отражении атаки на эту базу.,,
KEY_BASE_FACILITY_SECURITY_NAME,Text,,SECURITY STATION,,,,,,КОМЕНДАТУРА,,
KEY_CHIRON_DIGGER_NAME,Text,,Chiron Digger,,,,,,ХИРОН-КОПАТЕЛЬ,,
KEY_MUTOG_POISON_AGILE_BASHER_DESCRIPTION,Text,,Venomous agile basher mutog,,,,,,Ядовитый проворный кусака Мутог,,
KEY_MUTOG_POISON_AGILE_BLADED_DESCRIPTION,Text,,Venomous agile slasher mutog,,,,,,Ядовитый проворный рубака Мутог,,
KEY_MUTOG_POISON_REGEN_BASHER_DESCRIPTION,Text,,Venomous regenerating basher mutog,,,,,,Ядовитый регенерирующий кусака Мутог,,
KEY_MUTOG_POISON_REGEN_BLADED_DESCRIPTION,Text,,Venomous regenerating slasher mutog,,,,,,Ядовитый регенерирующий рубака Мутог,,
KEY_TFTV_PX_SECURITY,Text,,Phoenix Guard,,,,,,Охранник Феникса,,
KEY_TFTV_SHOTGUN_DESCRIPTION,Text,,Impossible shotgun,,,,,,Дробовик (Супер-оружие),,
KEY_TFTV_SCYTHE_DESCRIPTION,Text,,Impossible two-handed melee weapon,,,,,,Двуручная палица (Супер-оружие),,
KEY_TFTV_SCORPION_DESCRIPTION,Text,,Impossible sniper rifle,,,,,,Снайперская винтовка (Супер-оружие),,
KEY_TFTV_CROSSBOW_DESCRIPTION,Text,,Impossible silent crossbow,,,,,,Бесшумный арбалет (Супер-оружие),,
KEY_TFTV_REBUKE_DESCRIPTION,Text,,Impossible grenade launcher,,,,,,Гранатомет (Супер-оружие),,
KEY_TFTV_MACE_DESCRIPTION,Text,,Impossible one-handed melee weapon,,,,,,Одноручная булава (Супер-оружие),,
KEY_FS_AGL_NAME,Text,,Vidar GL,,,,,,Гранатомет Видара,,
KEY_SCYLLA_MIST_LAUNCHER_DESCRIPTION_TEMP,Text,,Launches projectiles that generate mist,,,,,,"Выпускает снаряды, создающие Туман",,
KEY_BASE_FACILITY_MEDBAY_DESCRIPTION,Text,,All soldiers at the base (even if assigned to an aircraft) will recover 16 Hit Points per hour for each medical facility in the base.,,,,,,Все солдаты на базе (даже если они приписаны к самолету) восстанавливают 16 Хитов в час за каждый медпункт на базе.,,
KEY_BASE_WARNING_ARCHAEOLOGY_LAB,Text,,Without an Archaeology Lab we may not construct Archaeology Probes. Are you sure you want to proceed?,,,,,,Без Археологической Лаборатории мы не сможем создавать археологические зонды. Точно хотите продолжить?,,
KEY_EXPENDABLE_ARCHETYPE_VETERAN_SECTARIAN_NAME,Text,,Veteran Sectarian (Berserker),,,,,,Опытный Сектант (Берсерк),,
KEY_EXPENDABLE_ARCHETYPE_VETERAN_SECTARIAN_DESCRIPTION,Text,,"Forged amid unending carnage, this veteran sectarian has evolved beyond raw, uncontrollable fury. Once a rebellious outlier who renounced dogma with an unruly axe and hallucinogenic madness, they have now tempered their savage impulse with battle-won precision. Scars and a stained blade speak of habitual violence, clandestine rituals, and a reputation that precedes every arrival.",,,,,,"Этот Опытный Сектант, закаленный в огне непрекращающейся бойни, обуздал свою чистую неконтролируемую ярость. Некогда бунтарь, отрекшийся от догм, с помощью верного топора и галлюциногенного безумия он отточил свои навыки и умерил свой дикий нрав. Шрамы и иссеченное лезвие говорят о привычке к насилию, тайных ритуалах и опережающей репутации.",,
KEY_EXPENDABLE_ARCHETYPE_VETERAN_SECTARIAN_QUOTE,Text,,"<i>""So you say there is a higher purpose to your carnage? I doubt it, but you have now paid for a chance to prove me wrong.""</i>",,,,,,"<i>«Так вы говорите, что у вашей войны есть высшая цель? Сомневаюсь, но вы уже заплатили за шанс доказать, что я ошибаюсь.»</i>",,
KEY_EXPENDABLE_ARCHETYPE_VETERAN_GHOST_NAME,Text,,Veteran Ghost (Priest),,,,,,Опытный Призрак (Жрец),,
KEY_EXPENDABLE_ARCHETYPE_VETERAN_GHOST_DESCRIPTION,Text,,"Emerged from spectral experiments of the Synedrion, the veteran ghost transformed unstable visions into a doctrine of eerie clarity. Unpredictability gave way to deliberate navigation of the mists—balancing the surreal with chilling purpose. Eyes that witnessed too many twilight negotiations remain unswayed by hubris.",,,,,,"Результат спектральных экспериментов Синедриона, Опытный Призрак превратил зыбкие видения в доктрину жуткой ясности. Тьма Тумана для него сюрреалистично прозрачна, цель всегда видна. В глазах, ставших свидетелями слишком многих сумеречных событий, ни капли надменности.",,
KEY_EXPENDABLE_ARCHETYPE_VETERAN_GHOST_QUOTE,Text,,"<i>“Between dreams and darkness lies a clarity that guides each hand—within the void, true vision is born.”</i>",,,,,,"<i>«Между сном и тьмой лежит ясность, которая направляет каждого - в пустоте рождается истинное видение.»</i>",,
KEY_EXPENDABLE_ARCHETYPE_VETERAN_SLUG_NAME,Text,,Veteran Slug (Technician),,,,,,Опытный Полу-киборг (Техник),,
KEY_EXPENDABLE_ARCHETYPE_VETERAN_SLUG_DESCRIPTION,Text,,"Years of exposure, treatment, and mechanical restraint have not broken the veteran slug—but the cost has been high. The pain never truly faded, and neither did the sense of separation from the world around. Yet through suffering came mastery: of circuitry, of battlefield repairs, and of survival itself. Now more than a survivor, this specialist walks the line between salvation and breakdown, constantly driven to rescue others before the mist claims them.",,,,,,"Годы облучения, лечения и механических проблем не сломили Опытного Полу-киборга, но цена была высока. Боль никогда не утихала, как и чувство отделенности от окружающего мира. Однако через страдания пришло мастерство: схемы, ремонт на поле боя и само выживание. Теперь это не просто выживший - мастер ходить по грани между жизнью и смертью, постоянно стремясь спасти других, пока Туман не поглотил их.",,
KEY_EXPENDABLE_ARCHETYPE_VETERAN_SLUG_QUOTE,Text,,"<i>“This world rarely offers comfort or clarity. But there’s still something worth protecting—those who haven’t given up, who still need a chance.”</i>",,,,,,"<i>«Этот мир редко дарит комфорт или ясность. Но есть кое-что, что стоит защищать - тех, кто еще не сдался, кому еще нужен шанс.»</i>",,
KEY_EXPENDABLE_ARCHETYPE_VETERAN_SPYMASTER_NAME,Text,,Veteran Spymaster (Infiltrator),,,,,,Опытный Ниндзя (Разведчик),,
KEY_EXPENDABLE_ARCHETYPE_VETERAN_SPYMASTER_DESCRIPTION,Text,,"Standing before you is a master of secrets and subterfuge—no theatrics required.
Ruthless competence radiates from every gesture and glance.
Suddenly it becomes clear: the mask isn’t meant to hide; quite the opposite, it gives a face to the concealed.",,,,,,"Перед вами - мастер секретов и уловок, никакой театральщины. Безжалостная компетентность видна в каждом жесте и взгляде. Внезапно становится ясно: маска не для того, чтобы скрывать, наоборот, она дает лицо безликому.",,
KEY_EXPENDABLE_ARCHETYPE_VETERAN_SPYMASTER_QUOTE,Text,,<i>[a silent nod]</i>,,,,,,<i>[безмолвный кивок]</i>,,
KEY_EXPENDABLE_ARCHETYPE_VETERAN_DOOM_NAME,Text,,Veteran Old Hound (Heavy),,,,,,Опытный Старый Пес (Тяжелый штурмовик),,
KEY_EXPENDABLE_ARCHETYPE_VETERAN_DOOM_DESCRIPTION,Text,,"More than an aging relic, the veteran warrior stands as a monument to battle-hardened resilience. Ancient gear, meticulously maintained through years of combat, and once-cruel implants serve as badges of honor. Each creak and scar narrates a story of survival against insurmountable odds, where raw aggression softened but resolve remains unyielding.",,,,,,"Воин-ветеран - не просто стареющая реликвия, а памятник закаленной в боях стойкости. Древнее снаряжение, прошедшее годы боев, и некогда жуткие имплантаты стали почетными регалиями. Каждый скрип и шрам - это история невероятного выживания, когда агрессия уходит, но решимость остается непреклонной.",,
KEY_EXPENDABLE_ARCHETYPE_VETERAN_DOOM_QUOTE,Text,,"<i>“The fight changes over time… You get a sense of what people are worth over time as well… Get a sense of who is worth your trust, worth your allegiance, and of who you and your guys you should just quietly frag as soon as you see an opportunity…”</i>",,,,,,"<i>«Война меняет... Со временем начинаешь понимаешь, чего стоят люди... кто достоин твоего доверия, кто достоин твоей преданности, а кого тебе и твоим ребятам следует просто тихо закопать в лесу, как только представится возможность.»</i>",,
KEY_EXPENDABLE_ARCHETYPE_VETERAN_EXILE_NAME,Text,,Veteran Exile (Assault),,,,,,Опытный Изгнанник (Штурмовик),,
KEY_EXPENDABLE_ARCHETYPE_VETERAN_EXILE_DESCRIPTION,Text,,"Synedrion’s technological mastery shines in this armor—flawless, unmarked, and maintained to perfection. The wearer, however, tells a very different story. Every word and gesture carries the weight of battles survived—blows taken, shots weathered, claws dodged, and hazards endured in the Pandoran wasteland. From that crucible of violence sprang a spirit of defiance and innovation. Here stands a truly free individual, honed by hardship and unbound by any creed.",,,,,,"Технологическое мастерство Синедриона сияет в этих доспехах - безупречных, идеальных, без единой царапины. Однако их владелец не похож на свои доспехи. Каждое слово и каждый жест несут в себе след пережитых сражений - ударов, выстрелов, когтей и прочих опасностей Пандоранских пустошей. В этом горниле насилия зародился дух непокорности и новаторства. Здесь стоит по-настоящему свободная личность, отточенная трудностями и не связанная ничем.",,
KEY_EXPENDABLE_ARCHETYPE_VETERAN_EXILE_QUOTE,Text,,"<i>“Society is pushed forward by a tiny subset of innovators - this is still true, maybe even more true, in these borderlands and ruins. War is a mindset, not a practice. Every apparently solid surface can be cut through if you can find the right tools.”</i>",,,,,,"<i>«Общество развивается благодаря небольшой группе первопроходцев - это по-прежнему верно, а может быть, даже более верно здесь, на границе между цивилизацией и руинами. Война - это искусство, а не ремесло. Любой, даже самый твердый материал, можно разрезать, если найти подходящий инструмент.»</i>",,
TFTV_LASER_BATTERY_NAME,Text,,LASER BATTERY PACK,,,,,,БАТАРЕЯ ДЛЯ ЛАЗЕРА,,
TFTV_LASER_BATTERY_DESC,Text,,AMMO FOR LASER WEAPONS,,,,,,БОЕПРИПАСЫ ДЛЯ ЛАЗЕРНОГО ОРУЖИЯ,,
TFTV_ABLATIVEVEST_NAME,Text,,ABLATIVE VEST,,,,,,,,
TFTV_ABLATIVEVEST_DESC,Text,,"A torso module designed with layered, sacrificial materials that absorb explosive force and electrical shock, reducing injury to limbs.",,,,,,,,
TFTV_ABLATIVEVEST_NAME_T2,Text,,IMPROVED ABLATIVE VEST,,,,,,,,
TFTV_ABLATIVEVEST_NAME_T3,Text,,ULTIMATE ABLATIVE VEST,,,,,,,,
TFTV_ABLATIVEVEST_RES_NAME,Text,,ABLATIVE PLATING,,,,,,,,
TFTV_ABLATIVEVEST_RES_DESC,Text,,Reduces damage taken from explosions and shock damage by 10%.,,,,,,,,
TFTV_ABLATIVEVEST_RES_DESC_T2,Text,,Reduces damage taken from explosions and shock damage by 20%.,,,,,,,,
TFTV_ABLATIVEVEST_RES_DESC_T3,Text,,Reduces damage taken from explosions and shock damage by 30%.,,,,,,,,
TFTV_HAZMATVEST_NAME,Text,,HAZMAT VEST,,,,,,,,
TFTV_HAZMATVEST_DESC,Text,,"A sealed protective vest designed to isolate the wearer from toxic, corrosive, and anomalous hazards while reinforcing overall protection.",,,,,,,,
TFTV_HAZMATVEST_NAME_T2,Text,,IMPROVED HAZMAT VEST,,,,,,,,
TFTV_HAZMATVEST_NAME_T3,Text,,ULTIMATE HAZMAT VEST,,,,,,,,
TFTV_HAZMATVEST_RES_NAME,Text,,Hazard Containment,,,,,,,,
TFTV_HAZMATVEST_RES_DESC,Text,,"Reduces damage taken from fire, poison, acid, paralysis, sonic, and viral effects by 20%.",,,,,,,,
TFTV_HAZMATVEST_RES_DESC_T2,Text,,"Reduces damage taken from fire, poison, acid, paralysis, sonic, and viral effects by 35%.",,,,,,,,
TFTV_HAZMATVEST_RES_DESC_T3,Text,,"Reduces damage taken from fire, poison, acid, paralysis, sonic, and viral effects by 50%.",,,,,,,,
TFTV_HAZMATVEST_ARMOR_NAME,Text,,Reinforced Seals,,,,,,,,
TFTV_HAZMATVEST_ARMOR_DESC,Text,,Increases armor on all body parts by 2.,,,,,,,,
TFTV_HAZMATVEST_ARMOR_DESC_T2,Text,,Increases armor on all body parts by 4.,,,,,,,,
TFTV_HAZMATVEST_ARMOR_DESC_T3,Text,,Increases armor on all body parts by 6.,,,,,,,,
NANOVEST_ABILITY_DESCRIPTION_T2,Text,,Increases the HP of all bodyparts by 15,,,,,,,,
NANOVEST_ABILITY_DESCRIPTION_T3,Text,,Increases the HP of all bodyparts by 20,,,,,,,,
TFTV_LASER_BATTERY_PARTIAL,Text,,PARTIAL CHARGE,,,,,,,,
TFTV_LASER_BATTERY_MAX_CHARGES,Text,,MAX CHARGES,,,,,,,,
TFTV_LASER_BATTERY_PER_PACK_CHARGES,Text,,RELOADS PER PACK,,,,,,,,