Key,Type,Desc,English,Chinese (Simplified),French,German,Italian,Polish,Russian,Spanish,UI_Tester
KEY_AC_DEATHBELCH_DESCRIPTION,Text,,This Pandoran will spawn an Umbra version of itself if it dies,,Comme nous tremblons d'effroi,,,,"Этот Пандоран восстанет в виде Фиолетовой Твари, если погибнет",,
KEY_AC_DEATHBELCH_NAME,Text,,Void Touched - Spawn Umbra on Death,,Touché par le vide,,,,Благословленный Пустотой - при гибели восстает в виде Фиолетовой Твари,,
TBTV_HIDDEN_ABILITY_NAME,Text,,Touched by the Void,,,,,,Благословленный Пустотой,,
TBTV_HIDDEN_ABILITY_DESCRIPTION,Text,,How we shiver with affright,,,,,,И невольно мы дрожим...,,
VOID_TOUCHED_TITLE,Text,,Touched by the Void,,,,,,Благословленный Пустотой,,
VOID_TOUCHED_TEXT,Text,,"<i>""A purple fume emanated from its body, marking it as the bearer of a Terrible Purpose.”</i>

This Pandoran is special. After it is attacked, it is very likely to gain a special ability (however, there is a small chance that it will be passed by the Void and lose its Touch, gaining nothing). At first, the only ability it may gain is to spawn an Umbra version of itself on death. However, as the Oneiric Delirium advances, Touched by the Void Pandorans will gain other effects when attacked for the first time.",,,,,,"<i>""От его тела исходил фиолетовый дым, означающий, что перед нами Благословленный Пустотой.""</i>

Этот Пандоран особенный. При ранении он с большой вероятностью получит особую способность (однако есть небольшой шанс, что он потеряет свое Благословение Пустоты, не получив ничего). Поначалу единственная способность, которую он может получить - это восставать после гибели в виде Фиолетовой Твари. Однако по мере распространения Сонного Безумия, Благословленные Пустотой Пандораны будут получать другие способности при первом ранении.",,
TBTV_ON_ATTACK_TITLE,Text,,Void Touched - Attacker is Marked for Death,,,,,,Благословленный Пустотой - атакующий получит в ответ Смертельную Метку,,
TBTV_ON_ATTACK_TEXT,Text,,Any character that attacks this Pandoran will be afflicted by Marked for Death (no stacking),,,,,,"Любой персонаж, который нападет на этого Пандорана, будет отмечен Смертельной Меткой (не более одной Метки в сумме).",,
TBTV_ON_TURN_END_TITLE,Text,,Void Touched - Calls reinforcements at turn's end,,,,,,Благословленный Пустотой - в конце хода вызывает подкрепление,,
TBTV_ON_TURN_END_TEXT,Text,,"If this Pandoran survives until the end of your turn, it will call reinforcements",,,,,,"Если этот Пандоран будет жив в конце вашего хода, он вызовет подкрепление",,
REVENANT_RESISTANCE_TITLE,Text,,Revenant resistance,,,,,,Сила Возвращенца,,
ACHERON_HARBINGER_NAME,Text,,Harbinger of the Void,,,,,,Посланник Пустоты,,
ACHERON_HARBINGER_DESCRIPTION,Text,,Increases the chances that an Arthron or a Triton will be Touched by the Void,,,,,,"Увеличивает вероятность того, что Артрон или Тритон станет Благословленным Пустотой",,
ACHERON_TRIBUTARY_NAME,Text,,Tributary of the Void,,,,,,Носитель Пустоты,,
ACHERON_TRIBUTARY_DESCRIPTION,Text,,All friendlies <b>of any type</b> within 10 tiles will be Touched by the Void if the character dies,,,,,,Все союзники <b>любого типа</b> в радиусе 10 клеток станут Благословленными Пустотой при гибели этого Пандорана,,
VOID_BLIGHT_NAME,Text,,Blight of the Void,,,,,,Проклятие Пустоты,,
VOID_BLIGHT_DESCRIPTION,Text,not used,"This character or unit can be attacked by Umbra, regardless of Delirium",,,,,,"Этот персонаж или юнит теперь может быть атакован Фиолетовой Тварью, даже не будучи зараженным Сонным Безумием",,
ANC_AUTOREPAIR_TITLE,Text,,Self repair,,,,,,Автоматический ремонт,,
ANC_AUTOREPAIR_TEXT,Text,,Using a nearby fallen Automata for spare parts,,,,,,Разборка на запчасти ближайшего уничтоженного Робота,,
CYCLOPS_DEFENSE_NAME,Text,,CYCLOPS DEFENSE,,,,,,ЗАЩИТА ЦИКЛОПА,,
CYCLOPS_DEFENSE_DESCRIPTION,Text,,"Before any Hoplites are destroyed, the Cyclops has a 50% resistance to all damage. Destroying Hoplites reduces this resistance.",,,,,,"Пока все Гоплиты целы, Циклоп обладает 50%-ной стойкостью к любому урону. Уничтожение Гоплитов снижает эту стойкость.",,
HOPLITES_SELF_REPAIR_NAME,Text,,HOPLITES SELF-REPAIR,,,,,,АВТОМАТИЧЕСКИЙ РЕМОНТ ГОПЛИТОВ,,
HOPLITES_SELF_REPAIR_DESCRIPTION,Text,,"Any Automata destroyed within 7 tiles of another one will allow it to recover a missing body part or 50 HP, and 5 WP",,,,,,"Любой Робот, уничтоженный в радиусе 7 клеток от другого Робота, позволит тому восстановить выбитую часть тела, или 50 хитов, или 5 Очков Воли.",,
POWERED_UP_NAME,Text,,ALL POWERED UP,,,,,,ИНИЦИАЛИЗАЦИЯ,,
POWERED_UP_DESCRIPTION,Text,,"From the moment it is alerted, an Automata gains 5 WP per turn. Its speed is determined by its current WP. Once it reaches maximum WP, it gains the this status, receving +50% damage to all attacks and 25% damage resistance",,,,,,"С момента включения (при сработке датчика движения) Робот получает 5 Очков Воли каждый ход. Его скорость определяется текущими Очками Воли. Как только он достигает максимального значения Очков Воли, он перейдет в боевой режим: +50% урона при атаке и +25% стойкости к получаемому урону.",,
UNKNOWN_STATUS_NAME,Text,,?,,,,,,?,,
UNKNOWN_STATUS_DESCRIPTION,Text,,Research the entity to learn what it is capable of,,,,,,"Исследуйте эту сущность, чтобы понять, на что она способна",,
KEY_EMP_RESISTANCE_NAME,Text,,IMMUNE TO EMP,,,,,,ИММУНИТЕТ К ЭМИ-ОРУЖИЮ,,
KEY_EMP_RESISTANCE_DESCRIPTION,Text,,Immune to EMP attacks,,,,,,Невосприимчивость к электро-магнитным импульсным (ЭМИ) атакам,,
IMMUNITY_TO_PARALYSIS_NAME,Text,,IMMUNE TO PARALYZE WEAPONS,,,,,,ИММУНИТЕТ К ПАРАЛИЗУЮЩЕМУ ОРУЖИЮ,,
IMMUNITY_TO_PARALYSIS_DESCRIPTION,Text,,Immune to Paralyze weapons,,,,,,Невосприимчивость к атакам парализующего оружия,,
FIRE_QUENCHER_NAME,Text,,FIRE QUENCHER,,,,,,ОГНЕТУШИТЕЛЬ,,
FIRE_QUENCHER_DESCRIPTION,Text,,Immunity to fire. Replaces any lit tiles it passes through with Mist.,,,,,,"Невосприимчивость к огню. Тушит все горящие клетки при проходе по ним, но создает там Туман.",,
ROOKIE_VULNERABILITY_NAME,Text,,Heroes always win,,,,,,Герои всегда побеждают,,
ROOKIE_VULNERABILITY_DESCRIPTION,Text,,...When you are playing on Rookie. All enemies suffer 50% more damage.,,,,,,"...Если вы играете на сложности Новичок, все враги получают на 50% больше урона.",,
ROOKIE_PROTECTION_DESCRIPTION,Text,,...When you are playing on Rookie. All Phoenix operatives suffer 50% less damage.,,,,,,"...Если вы играете на сложности Новичок, все бойцы Феникса получают на 50% меньше урона.",,
ETERMES_VULNERABILITY_NAME,Text,,You are Etermes,,,,,,Профессионал,,
ETERMES_VULNERABILITY_DESCRIPTION,Text,,...And everything is always too easy for you. All Phoenix operatives suffer 25% more damage.,,,,,,...Для вас все всегда слишком легко? Все бойцы Феникса получают на 25% больше урона.,,
ETERMES_PROTECTION_DESCRIPTION,Text,,...And everything is always too easy for you.,,,,,,...Для вас все всегда слишком легко.,,
SCYLLA_DAMAGERESISTANCE_NAME,Text,,Apex of Creation,,,,,,Вершина Творения,,
SCYLLA_DAMAGERESISTANCE_DESCRIPTION,Text,,This Scylla has a 25% resistance against all types of damage.,,,,,,Эта Сцилла имеет 25%-ю стойкость ко всем видам урона.,,
ROBOTIC_SELF_REPAIR_TITLE,Text,,SELF-RESTORE,,,,,,САМОВОССТАНОВЛЕНИЕ,,
ROBOTIC_SELF_REPAIR_ABILITY_TEXT,Text,,Restores all its disabled limbs after one turn.,,,,,,Восстанавливает все свои выбитые конечности через один ход.,,
ROBOTIC_SELF_REPAIR_TEXT_TEXT,Text,,All disabled limbs will be restored with half their maximum health next turn.,,,,,,В следующий ход все выбитые конечности восстановят половину своих хитов.,,
CYCLOPS_SCREAM_TITLE,Text,,TREMOR STOMP,,,,,,ЗВУКОВОЙ УДАР,,
CYCLOPS_SCREAM_DESCRIPTION,Text,,"Disorients, deals 60 damage and 1 psychic damage to all organic targets within 12 tiles. ",,,,,,"Дезориентирует, наносит 60 урона и 1 единицу психического урона всем органическим целям в радиусе 12 клеток. <i>Словно самолет пролетел мимо...</i>",,
KEY_MUTOID_CURE_SPRAY_DESCRIPTION,Text,,"Removes all Paralysis, Bleeding, Poison, Strained, Infected, Dazed, and Slowed status effects from target ally.",,,,,,"Снимает все эффекты Паралича, Кровотечения, Отравления, Инфицирования, Заражения, Оглушения и Замедления с целевого союзника.",,
ACID_IMMUNITY_NAME,Text,,ACID IMMUNITY,,,,,,ИММУНИТЕТ К КИСЛОТЕ,,
ACID_IMMUNITY_DESCRIPTION,Text,,Immune to Acid,,,,,,Невосприимчивость к повреждениям от кислоты,,
CAPTURE_ABILITY_NAME,Text,,PRIORITY SKYHOOK EXTRACTION,,,,,,ЗАХВАТИТЬ В ПЕРВУЮ ОЧЕРЕДЬ,,
CAPTURE_ABILITY_DESCRIPTION,Text,,Marks the paralyzed Pandoran for priority extraction and capture at the end of the mission.,,,,,,Отмечает парализованного Пандорана для приоритетного захвата в конце миссии.,,
CAPTURE_STATUS_NAME,Text,,PRIORITY FOR EXTRACTION AND CAPTURE,,,,,,ПРИОРИТЕТНЫЙ ЗАХВАТ,,
CAPTURE_STATUS_DESCRIPTION,Text,,This Pandoran has been marked for priority extraction at the end of this mission; it will be extracted even if more valuable Pandorans have been paralyzed.,,,,,,"Этот Пандоран был помечен для приоритетного захвата и погрузки в самолет в конце этой миссии. Он будет захвачен, даже если были парализованы и более ценные Пандораны.",,
CANCEL_CAPTURE_NAME,Text,,CANCEL PRIORITY SKYHOOK EXTRACTION,,,,,,ОТМЕНИТЬ ЗАХВАТ,,
CANCEL_CAPTURE_DESCRIPTION,Text,,Removes this paralyzed Pandoran from priority list for extraction at the end of the mission.,,,,,,Убирает этого парализованного Пандорана из списка приоритетов для захвата в конце миссии.,,
CAPTURE_CAPACITY_BASE,Text,,"FUNCTIONING CONTAINMENT FACILITY PRESENT, FULLY PARALYZED PANDORANS WILL BE CAPTURED",,,,,,"ДОСТУПЕН ФУНКЦИОНИРУЮЩИЙ ИЗОЛЯТОР, ПОЛНОСТЬЮ ПАРАЛИЗОВАННЫЕ ПАНДОРАНЫ БУДУТ ЗАХВАЧЕНЫ",,
CAPTURE_CAPACITY_AIRCRAFT,Text,,CAPTURE SPACE REMAINING:,,,,,,СВОБОДНОЕ МЕСТО В ИЗОЛЯТОРАХ: ,,
CAPTURE_CAPACITY_TOTAL,Text,,TOTAL AVAILABLE CONTAINMENT:,,,,,,ОБЩИЙ ОБЪЕМ ИЗОЛЯТОРОВ: ,,
KEY_BASE_FACILITY_CONTAINMENT_DESCRIPTION,Text,,"Live Pandorans can be contained here and kept alive. Large creatures will take more space, and space is shared across all facilities. The facility has 25 containment space.",,,,,,"Здесь держат живых Пандоранов. Крупные существа занимают больше места. Доступное пространство включает в себя все Изоляторы на базах, в каждом - 25 единиц объема.",,
TFTV_HUMAN_ENEMIES_FEARSOME_TEXT,Text,,Enemies who can see the character lose 2 WP,,,,,,При виде этого персонажа враги теряют 2 Очка Воли.,,
TFTV_HUMAN_ENEMIES_FEARSOME_TITLE,Text,,Fearsome,,,,,,НАВОДЯЩИЙ УЖАС,,
TFTV_HUMAN_ENEMIES_VOLLEY_TEXT,Text,,"While leader is alive, allies first attack with firearms costs 2 AP less",,,,,,Пока командир жив первая атака союзников с огнестрельным оружием стоит на 2 Очка Действий меньше.,,
TFTV_HUMAN_ENEMIES_VOLLEY_TITLE,Text,,Starting volley,,,,,,СТРЕЛЬБА НАВСКИДКУ,,
TFTV_HUMAN_ENEMIES_SELFREPAIR_TEXT,Text,,Metalhearts gain self-repair ability that restores disabled limbs,,,,,,Капитаны-киборги получают способность к самовосстановлению выбитых конечностей.,,
TFTV_HUMAN_ENEMIES_SELFREPAIR_TITLE,Text,,Self-repair protocol,,,,,,АВТОРЕМОНТ КИБОРГОВ,,
TFTV_HUMAN_ENEMIES_DRUGS_TEXT,Text,,All lowest tier friendlies gain 10 regeneration,,,,,,Все союзники более низкого уровня получают 10 очков регенерации.,,
TFTV_HUMAN_ENEMIES_DRUGS_TITLE,Text,,Experimental drugs,,,,,,ОБЩАЯ РЕГЕНЕРАЦИЯ,,
TFTV_HUMAN_ENEMIES_CAMO_TEXT,Text,,Allies within 16 tiles invisible; effect disappears immediately on leader's death,,,,,,Союзники в радиусе 16 клеток невидимы. Эффект исчезает сразу после гибели командира.,,
TFTV_HUMAN_ENEMIES_CAMO_TITLE,Text,,Active camo,,,,,,НЕЙТРОННЫЙ КАМУФЛЯЖ,,
TFTV_HUMAN_ENEMIES_DISCIPLINE_TEXT,Text,,Allies within 20 tiles of the Leader have return fire ability,,,,,,Союзники в радиусе 20 клеток от командира умеют вести ответный огонь.,,
TFTV_HUMAN_ENEMIES_DISCIPLINE_TITLE,Text,,Fire discipline,,,,,,ОТВЕТНЫЙ ОГОНЬ,,
TFTV_HUMAN_ENEMIES_FRENZY_TEXT,Text,,"When any high ranking character dies, allies gain frenzy status",,,,,,"При гибели любого персонажа высокого уровня, союзники получают статус Иссупление.",,
TFTV_HUMAN_ENEMIES_FRENZY_TITLE,Text,,Blood frenzy,,,,,,ЯРОСТНЫЙ БЕРСЕРК,,
TFTV_HUMAN_ENEMIES_RETRIBUTION_TEXT,Text,,Enemy that attacks any high ranking character becomes Marked for Death,,,,,,"Враг, атакующий любого союзника высокого уровня, получает в ответ Смертельную Метку.",,
TFTV_HUMAN_ENEMIES_RETRIBUTION_TITLE,Text,,Retribution,,,,,,СМЕРТЕЛЬНАЯ МЕТКА,,
TFTV_HUMAN_ENEMIES_AMBUSH_TEXT,Text,,Each ally does +10% damage while leader is alive if there are no enemies in sight within 10 tiles at the start of its turn,,,,,,"Пока командир жив, каждый союзник наносит +10% урона, если в начале его хода в радиусе 10 клеток нет врагов.",,
TFTV_HUMAN_ENEMIES_AMBUSH_TITLE,Text,,Ambush,,,,,,УВЕЛИЧЕННЫЙ УРОН,,
TFTV_HUMAN_ENEMIES_TARGETING_TEXT,Text,,"While leader is alive each ally gains +15% accuracy per ally within 12 tiles, up to +60%",,,,,,"Пока этот персонаж жив, каждый союзник получает +15% точности за каждого союзника в радиусе 12 клеток, до +60%.",,
TFTV_HUMAN_ENEMIES_TARGETING_TITLE,Text,,Assisted targeting,,,,,,ПОВЫШЕННАЯ ТОЧНОСТЬ,,
TFTV_HUMAN_ENEMIES_NJ,Text,,New Jericho,,,,,,"Новым Иерихоном, ",,
TFTV_HUMAN_ENEMIES_SYN,Text,,Synedrion,,,,,,"Синедрионом, ",,
TFTV_HUMAN_ENEMIES_ANU,Text,,Disciples of Anu,,,,,,"Последователями Ану, ",,
TFTV_HUMAN_ENEMIES_UNIT_TYPE_GANG,Text,,a gang,,,,,,бандой,,
TFTV_HUMAN_ENEMIES_UNIT_TYPE_SQUAD,Text,,squad,,,,,,отрядом,,
TFTV_HUMAN_ENEMIES_UNIT_TYPE_PACK,Text,,a pack of Forsaken,,,,,,группой Изгоев,,
TFTV_HUMAN_ENEMIES_UNIT_TYPE_ARRAY,Text,,an array of the Pure,,,,,,отрядом Непорочных,,
DLC4 Hypnos/KEY_STATUS_CORRUPTED_NAME,Text,,Delirium,,Delirium,,,,Сонное Безумие,,
KEY_STATUS_CORRUPTED_NAME,Text,,DELIRIUM,,DELIRIUM,,,,ЗАРАЖЕН СОННЫМ БЕЗУМИЕМ,,
KEY_STATUS_CORRUPTED_DESCRIPTION,Text,,"Delirium reduces WP. This effect is, in turn, reduced by 1 per 10 Stamina. Maximum Delirium level is determined by ODI.",,"Le délire réduit la Volonté. Cet effet est, à son tour, réduit de 1 par 10 d'Endurance. Le niveau maximal de délire est déterminé par l'IDO.",,,,"Сонное Безумие снижает Очки Воли. В тоже время, оно уменьшается на 1 за каждые 10 выносливости. Максимальный уровень Сонного Безумия определяется значением ИСБ (Индекс Сонного Безумия).",,
KEY_CO_CORRUPTION_NAME,Text,,Co-Delirium,,Co-Delirium,,,,Переносчики Сонного Безумия,,
KEY_CO_CORRUPTION_DESCRIPTION,Text,,All Pandorans deal Delirium damage when attacking with a melee weapon.,,Tous les Pandoriens en combat infligent des dégâts de Delirium.,,,,Все Пандораны наносят урон Сонного Безумия при атаке оружием ближнего боя.,,
KEY_CONTACT_CORRUPTION_NAME,Text,,CONTACT DELIRIUM,,DELIRE DE CONTACT,,,,ПРИКОСНОВЕНИЕ СОННОГО БЕЗУМИЯ,,
KEY_CONTACT_CORRUPTION_DESCRIPTION,Text,,Increases Delirium of attacker when suffering Melee or Bash attacks.,,Augmente le délire de l'attaquant lorsqu'il subit des attaques de mêlée.,,,,"Увеличивает Сонное Безумие персонажа, когда его атакуют оружием ближнего боя или ударом.",,
KEY_DAMAGE_TYPE_CORRUPTION,Text,,DELIRIUM,,,,,,СОННОЕ БЕЗУМИЕ,,
DLC4 Hypnos/KEY_DAMAGE_TYPE_CORRUPTION,Text,,DELIRIUM,,DELIRIUM,,,,СОННОЕ БЕЗУМИЕ,,
KEY_DAMAGE_TYPE_CORRUPTION_DESC,Text,,Applies Delirium to the target.,,Applique le Délire à la cible.,,,,Заразить цель Сонным Безумием,,
KEY_CORRUPTION_IMMUNITY_NAME,Text,,DELIRIUM IMMUNITY,,IMMUNITÉ AU DÉLIRE,,,,ИММУНИТЕТ К СОННОМУ БЕЗУМИЮ,,
KEY_CORRUPTION_IMMUNITY_DESCRIPTION,Text,,Immune to Delirium.,,Immunisé contre le délire.,,,,Невосприимчивость к заражению Сонным Безумием,,
DLC4 Hypnos/KEY_CORRUPTION_STATUS,Text,,DELIRIUM STATUS,,ÉTAT DE DÉLIRE,,,,СТАТУС СОННОГО БЕЗУМИЯ,,
KEY_CORRUPTIVE_ATTACK_DESCRIPTION,Text,,Successful attacks spread delirium to organic units.,,Les attaques réussies propagent le délire aux unités organiques.,,,,Успешные атаки заражают Сонным Безумием органическое существа.,,
KEY_CORRUPTIVE_ATTACK_NAME,Text,,DELIRIUM ATTACK,,CRISE DE DÉLIRE,,,,АТАКА СОННОГО БЕЗУМИЯ,,
KEY_CORRUPTIVE_CLOUD_DESCRIPTION,Text,,Spreads delirium to all organic enemies within 10 tiles.,,Répand le délire sur tous les ennemis organiques dans un rayon de 10 cases.,,,,Заражает Сонным Безумием всех органических врагов в радиусе 10 клеток.,,
KEY_CORRUPTIVE_CLOUD_NAME,Text,,DELIRIUM CLOUD,,NUAGE DE DELIRIUM,,,,ДЫХАНИЕ СОННОГО БЕЗУМИЯ,,
KEY_CORRUPTIVE_SPRAY_DESCRIPTION,Text,,Organic targets will receive delirium in addition to the standard damage.,,Les cibles organiques recevront du délire en plus des dégâts standard.,,,,Органические цели заразятся Сонным Безумием в дополнение к стандартному урону.,,
KEY_CORRUPTIVE_SPRAY_NAME,Text,,DELIRIUM SPRAY,,SPRAY AU DELIRIUM,,,,ПЛЕВОК СОННОГО БЕЗУМИЯ,,
DELIRIUM_PERK_HYPERALGESIA_NAME,Text,,HYPERALGESIA,,HYPERALGESIE,,,,«РАВНОДУШНЫЙ».,,
DELIRIUM_PERK_HYPERALGESIA_DESCRIPTION,Text,,"Lose 1 WP when taking damage, no WP loss when allies die
<i>Subject has extreme sensitivity to pain and exhibits symptoms of empathy fatigue</i>",,"Perte de 1 Point de Volonté en cas de dégâts, pas de perte de Point de Volonté en cas de mort d'alliés.
<i>Le sujet est extrêmement sensible à la douleur et présente des symptômes de fatigue empathique.</i>",,,,"При получении урона теряется 1 Очко Воли, зато при смерти союзников потери Очков Воли не происходит.
<i>Субъект обладает повышенной чувствительностью к собственной боли и проявляет наплевательское отношение к другим.</i>",,
DELIRIUM_PERK_FERAL_NAME,Text,,FERAL,,SAUVAGE,,,,«ДИКИЙ».,,
DELIRIUM_PERK_FERAL_DESCRIPTION,Text,,"All actions have 10% chance to fumble, recover 1 AP from killing enemies
<i>Subject engages in atavistic behavior. Alterations in adrenal glands function are also observed</i>",,"Toutes les actions ont 10% de chances d'échouer, récupére 1 Point d'Action en tuant des ennemis
<i>Le sujet adopte un comportement atavique. Des altérations du fonctionnement des glandes surrénales sont également observées.</i>",,,,"У всех действий есть 10%-ная вероятность несработки. Восстанавливает 1 Очко Действий после убийства врага.
<i>Субъект проявляет животную агрессивность. Также наблюдаются изменения в функции надпочечников.</i>",,
DELIRIUM_PERK_NEW_FERAL_DESCRIPTION,Text,,"All skills that cost WP cost +1 WP, +8 to Strength
<i>Subject engages in atavistic behavior. Alterations in adrenal glands function are also observed</i>",,,,,,"Все навыки, которые стоят Очки Воли, стоят +1 Очко Воли. Получает +8 к силе.
<i>Субъект проявляет тупую животную агрессивность. Также наблюдаются изменения в функции надпочечников и рост мышечной массы.</i>",,
DELIRIUM_PERK_DEREALIZATION_NAME,Text,,DEREALIZATION,,DEREALISATION,,,,«ОТРЕШЕННЫЙ».,,
DELIRIUM_PERK_DEREALIZATION_DESCRIPTION,Text,,"-5 to Strength, disabled limbs remain functional
<i>Subject reports increasing detachment from reality and own body</i>",,"-5 à la Force, les membres handicapés restent fonctionnels
<i>Le sujet rapporte un détachement croissant de la réalité et de son propre corps.</i>",,,,"-5 к силе, выбитые конечности остаются функциональными.
<i>Субъект сообщает об усиливающейся отрешенности от реальности и даже собственного тела</i>",,
DELIRIUM_PERK_ONE_OF_THEM_NAME,Text,,ONE OF THEM,,L'UN D'EUX,,,,«ОДИН ИЗ НИХ».,,
DELIRIUM_PERK_ONE_OF_THEM_DESCRIPTION,Text,,"Receives Delirium damage x2, immune to Mist
<i>Subject appears to have acquired tolerance to Mist, resulting in a cognitive dissonance</i>",,"-2 à la Volonté, immunisé contre la brume
<i>Le sujet semble avoir acquis une tolérance à la Brume, ce qui entraîne une dissonance cognitive.</i>",,,,"Получает двойной урон от Сонного Безумия, невосприимчив к Туману.
<i>Субъект, по-видимому, приобрел устойчивость к Туману, что вызывает у него когнитивный диссонанс</i>",,
DELIRIUM_PERK_WOLVERINE_NAME,Text,,WOLVERINE,,WOLVERINE,,,,«ОБОРОТЕНЬ».,,
DELIRIUM_PERK_WOLVERINE_DESCRIPTION,Text,,"-20% to Accuracy, gain Slashing Strike
<i>Subject has gained a retractable claw-like appendage protruding from the right wrist. Unfortunately, discharging firearms has become moderately uncomfortable</i>",,"-20% à la précision, gain de Slashing Strike
F142<i>Le sujet a acquis un appendice rétractable en forme de griffe qui dépasse du poignet droit. Malheureusement, le maniement des armes à feu est devenu modérément inconfortable.</i>",,,,"Точность -20%, доступен ""Рубящий удар"".
<i>У субъекта появился выдвижной клешнеобразный отросток, выступающий из правого запястья. Однако, стрелять из огнестрельного оружия стало довольно неудобно</i>",,
DELIRIUM_PERK_WOLVERINE_CURED_DESCRIPTION,Text,,"Slashing Strike<i>""I just got used to it, I guess""</i>",,,,,,"Рубящий Удар <i>«Я просто привык к этому, наверное...»</i>",,
DELIRIUM_PERK_TERROR_NAME,Text,,TERROR,,TERREUR,,,,«БОЯЗЛИВЫЙ».,,
DELIRIUM_PERK_TERROR_DESCRIPTION,Text,,"-2 to Speed, +25% to Stealth
<i>Despite enhanced treatment, subject remains fearful and acts with extreme caution in the field</i>",,"-2 à la Vitesse, +25% à la Furtivité
<i>Malgré un traitement renforcé, le sujet reste craintif et agit avec une extrême prudence sur le terrain.</i>",,,,"-2 к скорости, +25% к скрытности.
<i>Несмотря на усиленное лечение, субъект по-прежнему испытывает страх и действует в боях с особой осторожностью</i>",,
DELIRIUM_PERK_FASTER_SYNAPSES_NAME,Text,,FASTER SYNAPSES,,SYNAPSES PLUS RAPIDES,,,,«НЕВРОТИК».,,
DELIRIUM_PERK_FASTER_SYNAPSES_DESCRIPTION,Text,,"-25% Stealth, start each mission Frenzied for 2 turns
<i>Subject shows bursts of extraordinary speed and heightened lower brain function, but also exhibits constant uncontrollable twitching</i>",,"-25 % de furtivité, débute chaque mission avec Frénésie pendant 2 tours
<i>Le sujet fait preuve d'une rapidité extraordinaire et d'une fonction corticale inférieure accrue, mais il présente également des secousses constantes et incontrôlables.</i>",,,,"Скрытность -25%, начинает каждую миссию в Иссуплении на 2 хода.
<i>Субъект демонстрирует невероятную скорость и активную работу нижних отделов мозга, но одновременно подвержен постоянным неконтролируемым судорогам</i>",,
DELIRIUM_PERK_BLOODTHIRSTY_NAME,Text,,BLOODTHIRSTY,,SANGUINAIRE,,,,«КРОВОЖАДНЫЙ».,,
DELIRIUM_PERK_BLOODTHIRSTY_DESCRIPTION,Text,,"Allies lose 1 WP from enemies killed, gain Devour ability
<i>Subject exhibits symptoms of a sadistic personality disorder and altered metabolism correlated to endorphin release</i>",,"Les alliés perdent 2 Points de Volonté par ennemis tués et gain de la capacité de Dévoration
<i>Le sujet présente des symptômes d'un trouble sadique de la personnalité et une altération du métabolisme corrélée à la libération d'endorphine.</i>",,,,"При убийстве врага, союзники теряют 1 Очко Воли. Доступна способность «Пожиратель» (при убийстве врага восстанавливаются хиты в объеме до 50% от максимальных хитов противника).
<i>У субъекта проявляются симптомы садистского расстройства личности и измененный метаболизм, что связано с неконтролируемым выбросом эндорфинов</i>",,
DELIRIUM_PERK_ANXIETY_NAME,Text,,ANXIETY,,ANXIETE,,,,«ТРЕВОЖНЫЙ».,,
DELIRIUM_PERK_ANXIETY_DESCRIPTION,Text,,"Start each mission Disoriented for 2 turns
<i>Subject exhibits symptoms of a General Anxiety Disorder; limited response to treatment</i>",,"Commencez chaque mission en étant désorienté pendant 2 tours
<i>Le sujet présente les symptômes d'un trouble anxieux général ; réponse limitée au traitement.</i>",,,,"Приступает к выполнению каждой миссии, будучи Дезориентированным в течение 2-х ходов.
<i>У субъекта наблюдаются симптомы общего тревожного расстройства, он слабо реагирует на лечение</i>",,
DELIRIUM_PERK_NEW_ANXIETY_DESCRIPTION,Text,,"Start each mission Disoriented for 2 turns, immune to Mind Control
<i>Subject exhibits symptoms of a General Anxiety Disorder; limited response to treatment</i>",,,,,,"Приступает к выполнению каждой миссии, будучи Дезориентированным в течение 2 ходов и невосприимчивым к Контролю Разума.
<i>У субъекта наблюдаются усиленные симптомы общего тревожного расстройства, он слабо реагирует на лечение и... внешнее псионическое воздействие</i>",,
DELIRIUM_PERK_INNER_SIGHT_NAME,Text,,INNER SIGHT,,VUE INTERIEURE,,,,«ЭКСТРАСЕНС».,,
DELIRIUM_PERK_INNER_SIGHT_DESCRIPTION,Text,,"-10 Perception, +10 Hearing Range
<i>The subject is often observed with eyes closed; claims to see with an 'inner eye'; possible schizophrenia, but heightened extrasensorial perception confirmed</i>",,"-10 Perception, +10 Portée auditive
<i>Le sujet est souvent observé les yeux fermés ; il prétend voir avec un ""œil intérieur"" ; peut-être schizophrénie, mais une perception extrasensorielle accrue est confirmée.</i>",,,,"Восприятие -10, диапазон слышимости +10.
<i>Субъект часто пребывает с закрытыми глазами и утверждает, что видит ""внутренним зрением"", шизофрения? Но в тоже время, тесты подтверждают необычные экстрасенсорные способности</i>",,
TFTV_KEY_UMBRA_TARGET_DISPLAY_NAME,Text,,UMBRA,,,,,,ФИОЛЕТОВАЯ ТВАРЬ,,
TFTV_KEY_UMBRA_TARGET_DISPLAY_DESCRIPTION,Text,,It's not real it's not real it's not real it's not real,,,,,,"Оно ненастоящее, оно ненастоящее, оно ненастоящее...",,
ANC_AUTOREPAIR_TITLE,Text,,Self repair,,,,,,Автоматический ремонт,,
ANC_AUTOREPAIR_TEXT,Text,,Using a nearby fallen Automata for spare parts,,,,,,Разборка на запчасти ближайшего сломанного Робота,,
FORCE_GATE_ABILITY,Text,,Activate the Eldritch Device,,,,,,Активировать Устройство Древних,,
FORCE_GATE_ABILITY_DESCRIPTION,Text,,Attempt to open the non-Eucledian Receptacle Gates. All three devices must be activated on the same turn to work. Takes 2 turns.,,,,,,"Попытаться открыть неевклидовы Врата в дворец Двойника. Чтобы сработало, все три устройства должны быть активированы в течение одного хода. Активация длится 2 хода.",,
CANCEL_FORCE_GATE_ABILITY,Text,,Cancel Eldritch Device activation.,,,,,,Отменить активацию Устройства Древних,,
CANCEL_FORCE_GATE_ABILITY_DESCRIPTION,Text,,Stop attempt to open the non-Eucledian Receptacle Gates.,,,,,,Отменяет попытки открыть Неевклидовы Врата в дворец Двойника,,
FORCE_GATE_STATUS,Text,,Operating Eldritch Device.,,,,,,Активируя устройство Древних,,
FORCE_GATE_STATUS_DESCRIPTION,Text,,Operative busy trying to figure out the accursed puzzle.,,,,,,"Боец занят тем, что пытается разгадать проклятую головоломку.",,
KEY_STATUS_SLOWED_DESCRIPTION,Text,,Speed is reduced to 25%.,,,,,,Скорость снижена на 25%,,
HUMAN_ENEMIES_KEY_BOSS,Text,,Boss,,,,,,Командир-атаман,,
HUMAN_ENEMIES_KEY_ENFORCER,Text,,Enforcer,,,,,,Капитан-есаул,,
HUMAN_ENEMIES_KEY_RAIDER,Text,,Raider,,,,,,Сержант-вахмистр,,
HUMAN_ENEMIES_KEY_CARRION,Text,,Carrion,,,,,,Рядовой-казак,,
HUMAN_ENEMIES_KEY_LEADER,Text,,Leader,,,,,,Командир гвардии,,
HUMAN_ENEMIES_KEY_VETERAN,Text,,Veteran,,,,,,Капитан гвардии,,
HUMAN_ENEMIES_KEY_JACKBOOT,Text,,Jackboot,,,,,,Сержант гвардии,,
HUMAN_ENEMIES_KEY_GREENHORN,Text,,Greenhorn,,,,,,Рядовой гвардии,,
HUMAN_ENEMIES_KEY_WARDEN,Text,,Warden,,,,,,Гражданин командир,,
HUMAN_ENEMIES_KEY_RANGER,Text,,Ranger,,,,,,Гражданин капитан,,
HUMAN_ENEMIES_KEY_PEACEKEEPER,Text,,Peacekeeper,,,,,,Гражданин сержант,,
HUMAN_ENEMIES_KEY_CITIZEN,Text,,Citizen,,,,,,Гражданин рядовой,,
HUMAN_ENEMIES_KEY_TAXIARCH,Text,,Taxiarch,,,,,,Командир-таксиарх,,
HUMAN_ENEMIES_KEY_ADEPT,Text,,Adept,,,,,,Капитан-адепт,,
HUMAN_ENEMIES_KEY_ACOLYTE,Text,,Acolyte,,,,,,Сержант-послушник,,
HUMAN_ENEMIES_KEY_NEOPHYTE,Text,,Neophyte,,,,,,Рядовой неофит,,
HUMAN_ENEMIES_KEY_MACHINA,Text,,Machina,,,,,,Командир-Киборг,,
HUMAN_ENEMIES_KEY_METALHEART,Text,,Metalheart,,,,,,Капитан-киборг,,
HUMAN_ENEMIES_KEY_CLEANSED,Text,,Cleansed,,,,,,Сержант-киборг,,
HUMAN_ENEMIES_KEY_MEATHEAD,Text,,Meathead,,,,,,Рядовой киборг,,
HUMAN_ENEMIES_KEY_SCOURGE,Text,,Scourge,,,,,,Командир,,
HUMAN_ENEMIES_KEY_EVOLVED,Text,,Evolved,,,,,,Капитан,,
HUMAN_ENEMIES_KEY_REBORN,Text,,Reborn,,,,,,Сержант,,
HUMAN_ENEMIES_KEY_FLEDGLING,Text,,Fledgling,,,,,,Рядовой солдат,,
HUMAN_ENEMIES_KEY_TIER_1,Text,,Creates special effect on allies and/or enemies (Tactic). Allies lose 4 WP if character dies.,,,,,,"Имеет спецсвойство, влияющее на союзников и/или врагов. Союзники потеряют 4 Очка Воли, если этот персонаж погибнет.",,
HUMAN_ENEMIES_KEY_TIER_2,Text,,Allies who can see the character gain +1 WP per turn and lose 3WP if character dies.,,,,,,"Союзники, которые могут видеть этого персонажа, получают +1 Очко Воли за ход и потеряют 3 Очка Воли, если этот персонаж погибнет.",,
HUMAN_ENEMIES_KEY_TIER_3,Text,,Allies lose 2 WP if character dies.,,,,,,"Союзники потеряют 2 Очка Воли, если этот персонаж погибнет.",,
HUMAN_ENEMIES_KEY_TIER_4,Text,,Allies do not lose WP if character dies. Nobody expects them to live long anyway.,,,,,,"Союзники не потеряют Очки Воли, если этот персонаж погибнет. Никому нет дела до мелкой «шестерки» и его никчемной жизни.",,
KEY_MINDFRAGGER_ACID_EXPLOSION,Text,,ACID EXPLOSION,,,,,,КИСЛОТНЫЙ ВЗРЫВ,,
KEY_MINDFRAGGER_ACID_EXPLOSION_DESCRIPTION,Text,,"Upon death, the mindfragger bursts in an acid explosion damaging nearby targets",,,,,,"После смерти Промыватель взрывается кислотой, нанося урон ближайшим целям.",,
HUMAN_ENEMIES_KEY_AMBUSH,Text,,Ambush (Tactics),,,,,,Улучшенные боеприпасы (специализация),,
HUMAN_ENEMIES_KEY_AMBUSH_DESCRIPTION,Text,,Damage +10%. Received ability because Leader was alive and there were no enemies in sight within 10 tiles at the start of the turn.,,,,,,"Урон: +10%. Способность получена, так как Командир еще жив, и в начале хода не замечено врагов в радиусе 10 клеток.",,
KEY_DELIRIUM_CAP_MAX,Text,,equal to character's Willpower,,,,,,значение Силы Воли бойца,,
KEY_DELIRIUM_CAP_MED,Text,,equal to half character's Willpower,,,,,,половина от значения Силы Воли бойца,,
KEY_DELIRIUM_CAP_LOW,Text,,equal to a third of character's Willpower,,,,,,треть от значения Силы Воли бойца,,
KEY_HUMAN_ENEMIES_FACING,Text,,You are facing,,,,,,Вы столкнулись с,,
KEY_HUMAN_ENEMIES_GANG_CALLED,Text,,", called the",,,,,, ,,
KEY_HUMAN_ENEMIES_LEADER_IS,Text,,. Their leader is,,,,,,. Их командир -,,
KEY_HUMAN_ENEMIES_USING_TACTIC,Text,,", using the tactic",,,,,,", имеет спецсвойство",,
KEY_HUMAN_ENEMIES_SUBJECT24_ARRAY_DESCRIPTION,Text,,"You are finally facing Subject 24, protected by an array of the Pure, using the tactic ",,,,,,"Наконец-то вы столкнулись с Подопытным №24, окруженным множеством Непорочных, который ",,
KEY_REVENANT_ABILITY_DESCRIPION0,Text,,"This is your fallen comrade,",,,,,,Это ваш погибший товарищ - ,,
KEY_REVENANT_ABILITY_DESCRIPION1,Text,,", returned as Pandoran monstrosity.",,,,,,", вернулся в виде Пандоранского монстра.",,
KEY_REVENANT_MIMIC,Text,,Mimic,,,,,,Доппельгангер,,
KEY_REVENANT_DYBBUK,Text,,Dybbuk,,,,,,Заблудший,,
KEY_REVENANT_NEMESIS,Text,,Nemesis,,,,,,Проклятый,,
KEY_REVENANT_DESCRIPTION_ASSAULT,Text,,Increased damage potential and speed.,,,,,,Увеличенные урон и скорость,,
KEY_REVENANT_DESCRIPTION_SERKER,Text,,"Fearless, fast, unstoppable...",,,,,,"Бесстрашный, быстрый, неудержимый...",,
KEY_REVENANT_DESCRIPTION_HEAVY,Text,,Bullet sponge.,,,,,,Вросший в тело бронекостюм,,
KEY_REVENANT_DESCRIPTION_INFILTRATOR,Text,,Scary quiet.,,,,,,Призрачная тень,,
KEY_REVENANT_DESCRIPTION_PRIEST,Text,,Power overflowing.,,,,,,Могучий колдун,,
KEY_REVENANT_DESCRIPTION_SNIPER,Text,,All seeing.,,,,,,Всевидящий,,
KEY_REVENANT_DESCRIPTION_TECH,Text,,Surge!,,,,,,Железяка!,,
KEY_REVENANT_HIGH_DAMAGE,Text,,high damage attacks,,,,,,адаптация к атакам с высоким уроном,,
KEY_REVENANT_RESISTANCE0,Text,,REVENANT RESISTANCE,,,,,,СИЛА ВОЗВРАЩЕНЦА,,
KEY_REVENANT_RESISTANCE1,Text,,resistance gained to,,,,,, стойкостью к свойству:,,
KEY_REVENANT_RESISTANCE2,Text,,from knowledge of Phoenix ways,,,,,, обладают эти Возвращенцы в соответствии с информацией в базе данных «Проекта Феникс».,,
KEY_REVENANT_RESISTANCE3,Text,,"<b>Damage from first hit in a turn is reduced by 50%</b>, an evolutionary response to Phoenix Project overwhelming use of weapons with high damage per projectile/strike.",,,,,,"<b>Урон от первого попадания за ход снижен на 50%</b>, что является эволюционным ответом на повсеместное использование в «Проекте Феникс» оружия с высоким уроном на снаряд/удар.",,
KEY_RETURNFIRE_DESCRIPTION,Text,,"Shoot back at an enemy when it attacks, provided you are using a direct-fire projectile weapon with proficiency, and the enemy is within half perception range.",,,,,,"Ответный огонь по атакующему врагу, если у вас в руках профильное оружие прямой наводки и враг находится на дистанции в пределах половины вашего восприятия.",,
KEY_GOO_IMMUNITY_DESCRIPTION,Text,,Goo does not give you Slowed status and you can traverse goo covered tiles at no additional movement cost.,,,,,,"Слизь вас не замедляет, и вы можете перемещаться по покрытым слизью клеткам без дополнительных затрат на передвижение.",,
KEY_IGNORE_PAIN_DESCRIPTION,Text,,Disabled body parts remain functional and cannot Panic.,,,,,,Выбитые части тела остаются функциональными. Невосприимчивость к панике.,,
KEY_NJ_HEAVY_ROCKET_LAUNCHER_NAME,Text,,Archangel AP-RL,,,,,,БРУ «Архангел»,,
KEY_NJ_HEAVY_ROCKET_LAUNCHER_DESCRIPTION,Text,,NJ Armour Piercing Rocket Launcher,,,,,,Бронебойная ракетная установка Нового Иерихона,,
BC_KEY_ITEM_STAT_BODYPART_DAMAGE,Text,,DAMAGE TO BODY PART,,,,,,ПОВРЕЖДЕНИЕ ЧАСТИ ТЕЛА,,
KEY_PSYCHIC_IMMUNITY_DESCRIPTION,Text,,Immune to Psychic Scream,,Immunisé contre le cri psychique,,,,Иммунитет к психическому воплю,,
KEY_ELECTRIC_STRIKE_DESCRIPTION,Text,,Inflict Shock and EMP damage on target once per turn,,Inflige des dégâts Electrique et d'EMP à la cible une fois par tour.,,,,Наносит цели оглушающий и электромагнитный урон один раз за ход.,,
KEY_MUTATION_ELECTROKICK_DESCRIPTION,Text,,"Perform a melee kick, and daze target if sonic value is greater than target's Will Points",,,,,,Наносит удар в ближнем бою. Если акустическое воздействие превышает количество Очков Воли цели - она будет Оглушена.,,
KEY_SURPRISE_ATTACK_DESCRIPTION,Text,,Attacks from behind gain shock value equal to 5 times the damage dealt,,,,,,"Атаки сзади дают дополнительный оглушающий урон, равный 5-кратному обычному урону.",,
KEY_JET_JUMP_DESCRIPTION,Text,,Jet jump to a location within 20 tiles. Limited to one use per turn,,,,,,Реактивный прыжок в локацию в радиусе 20 клеток. Один раз за ход.,,
KEY_SHINOBI_LEAP_DESCRIPTION,Text,,Leap to target location. Limited to 2 uses per turn,,,,,,Прыгнуть в нужную локацию. Два раза за ход.,,
KEY_CONVINCE_ABILITY,Text,,Convince civilian to join,,,,,,Предложить помощь гражданскому,,
KEY_CONVINCE_ABILITY_DESCRIPTION,Text,,Come with me if you want to live. Takes 2 turns.,,,,,,"Пойдем со мной, если хочешь жить! Занимает 2 хода.",,
KEY_CANCEL_CONVINCE_ABILITY,Text,,Give up.,,,,,,Сдавайся!,,
KEY_CANCEL_CONVINCE_ABILITY_DESCRIPTION,Text,,You don't have time for this! Cancels attempt to convince civilian. Interrupted attempts will need to be restarted.,,,,,,У вас нет на это времени! (Отменяет попытки убедить гражданского. Новые попытки придется начинать сначала).,,
KEY_CONVINCE_STATUS,Text,,Talking.,,,,,,Разговаривает,,
KEY_CONVINCE_STATUS_DESCRIPTION,Text,,In the middle of a conversation here!,,,,,,В середине разговора,,
KEY_ABILITY_NOAUGMENTATONS,Text,,Mercenaries refuse to be augmented or mutated; not in their job description.,,,,,,Наемники отказываются аугментироваться или мутировать - это не предусмотрено их контрактом!,,
KEY_ABILITY_NOAUGMENTATONS_SLUG,Text,,Slug,,,,,,Полу-киборг,,
KEY_ABILITY_NOAUGMENTATONS_NAME,Text,,NO AUGMENTATIONS,,,,,,НЕТ АУГМЕНТАЦИЯМ,,
KEY_ABILITY_REVENANT,Text,,REVENANT,,,,,,ВОЗВРАЩЕНЕЦ,,
KEY_ABILITY_REVENANT_DESCRIPTION,Text,,Used to be one of us.,,,,,,Когда-то был одним из нас.,,
SLUG_KEY_TECHNICIAN_FIELD_MEDIC_DESCRIPTION,Text,,Restore 10 Hit Points and 10 Armor to all body parts of the selected target. Disabled body parts are restored. <b>COSTS 15% OF MAX STRENGTH/HP</b>,,,,,,Лечит 10 хитов и 10 единиц брони на всех частях тела выбранной цели. Выбитые части тела восстанавливаются. <b>СТОИТ 15% ОТ МАКСИМАЛЬНОЙ СИЛЫ/ЗДОРОВЬЯ</b>,,
SLUG_KEY_TECHNICIAN_REPAIR_DESCRIPTION,Text,,Restore {GeneralHealAmount} Hit Points to mechanical devices. <b>COSTS 15% OF MAX STRENGTH/HP</b>,,,,,,Ремонтирует {GeneralHealAmount} хитов у механических устройств. <b>СТОИТ 15% ОТ МАКСИМАЛЬНОЙ СИЛЫ/ЗДОРОВЬЯ</b>,,
SLUG_KEY_TECHNICIAN_RESTORE_DESCRIPTION,Text,,Restore {GeneralHealAmount} to the general Hit Points and remove 50% paralysis of an allied unit. <b>COSTS 15% OF MAX STRENGTH/HP</b>,,,,,,Восстанавливает {GeneralHealAmount} до общего количества хитов и снимает 50% паралича союзнику. <b>СТОИТ 15% ОТ МАКСИМАЛЬНОЙ СИЛЫ/ЗДОРОВЬЯ</b>,,
SLUG_KEY_ELECTRIC_STRIKE_DESCRIPTION,Text,,Target is Dazed if shock value is greater than target's current Hit Points. <b>COSTS 15% OF MAX STRENGTH/HP</b>,,,,,,"Цель оглушается, если оглушающий урон больше текущих хитов цели. <b>СТОИТ 15% ОТ МАКСИМАЛЬНОЙ СИЛЫ/ЗДОРОВЬЯ</b>",,
SLUG_KEY_REMOVE_LARVA_DESCRIPTION,Text,,Remove Mindfragger from ally. <b>COSTS 15% OF MAX STRENGTH/HP</b>,,,,,,Срывает Промывателя с союзника. <b>СТОИТ 15% ОТ МАКСИМАЛЬНОЙ СИЛЫ/ЗДОРОВЬЯ</b>,,
KEY_GOOED_STATUS_DESCRIPTION,Text,,"Moving through a tile covered in Goo costs more movement points and starting the turn it applies Slow status on the character, unless they are Immune to Goo.",,,,,,"Перемещение по клеткам со слизью стоит больше Очков Действий, а в начале хода на персонажа накладывается статус замедленного, если только у него нет невосприимчивости к слизи.",,
KEY_ACTIVE_CAMO_DISPLAY_NAME,Text,,Active Camo,,,,,,Электронный Камуфляж,,
KEY_ACTIVE_CAMO_DESCRIPTION,Text,,Character was hidden from view because within 16 tiles of Leader with Activo Camo Tactic.,,,,,,"Персонаж скрыт от посторонних глаз, так как в радиусе 16 клеток находится командир с системой электронного камуфляжа.",,
KEY_REGENERATION_TORSO_DESCRIPTION,Text,,"Restore 10 Hit Points to arms, torso and General Hit Points each turn",,,,,,"Восстановление 10 общих хитов, а также хитов на руках и туловище, каждый ход.",,
KEY_BIONIC_SILENTECHO_ABILITY_DESCRIPTION,Text,,Make a silent attack with the selected weapon. Limited to one use per turn.,,,,,,Совершить бесшумную атаку выбранным оружием. Один раз за ход.,,
KEY_BIONIC_SILENTECHO_ABILITY_NAME,Text,,SILENT ECHO,,,,,,ИСПОЛЬЗОВАТЬ ГЛУШИТЕЛЬ,,
KEY_TACTIC,Text,,Tactic,,,,,,СПЕЦСВОЙСТВО ,,
KEY_TFTV_REVENANT_ARMOR_STACK_NAME,Text,,RESISTANCE ACTIVE,,,,,,СИЛА ВОЗВРАЩЕНЦА В ДЕЙСТВИИ,,
KEY_TFTV_REVENANT_ARMOR_STACK_DESCRIPTION,Text,,Reduce next damage instance by 50%,,,,,,Уменьшите следующий урон на 50%,,
TFTV_STARVED_NAME,Text,,STARVING,,,,,,ГОЛОДАЮЩИЙ,,
TFTV_STARVED_DESCRIPTION,Text,,This character has reduced Strength and Willpower due to hunger.,,,,,,У персонажа снижены Сила и Воля из-за голода,,
TFTV_STARVATION_MECHANIC_NAME,Text,,STARVATION,,,,,,ГОЛОД,,
TFTV_STARVATION_MECHANIC_DESCRIPTION,Text,,"One or more of your operatives is now STARVING. This happens when your food stocks are insufficient to feed your operatives. A STARVING operative has reduced STRENGTH and WILLPOWER in Tactical Missions. Each day the character spends without eating will worsen the condition, eventually resulting in DEATH. The condition will improve until it disappears every day the character is fed.",,,,,,"Один или несколько ваших бойцов сейчас ГОЛОДАЮТ, так как запасов еды не хватает, чтобы прокормить всех. У ГОЛОДАЮЩИХ бойцов снижаются значения Силы и Воли в тактических миссиях. Каждый день, проведенный персонажем без еды, ухудшает его состояние, что в конечном итоге может привести к СМЕРТИ. Как только появится еда, состояние начнет постепенно улучшаться и в конце концов придет в норму.",,
TFTV_EVACUATE_SQUAD,Text,,Evacuate Squad?,,,,,,Эвакуировать отряд?,,
TFTV_EVACUATE_ALL,Text,,EVAC ALL,,,,,,Общая эвакуация,,
TFTV_TBTV_UMBRA_EFFECT_DESC,Text,,Spawn Umbra on death.,,,,,,Порождать при гибели Фиолетовую Тварь,,
TFTV_TBTV_MFD_EFFECT_DESC,Text,,Afflict its attacker with Marked for Death (all hits on the character do 10 extra damage).,,,,,,Ставить на атаковавшего его персонажа Смертельную Метку (все попадания по персонажу наносят +10 дополнительного урона).,,
TFTV_TBTV_CALLREINFORCEMENTS_EFFECT_DESC,Text,,Call reinforcements at the end of player’s turn.,,,,,,Вызывать в конце хода игрока подкрепление,,
TFTV_TBTV_GENERAL_DESC,Text,,"Touched by the Void Pandorans can now do one, or none of the following when attacked:",,,,,,"Благословленные Пустотой Пандораны, будучи атакованными, теперь могут получить с некоторой вероятностью особое свойство:",,
TFTV_TBTV_UMBRA_EVOLVED_EFFECT_DESC,Text,,Spawn evolved Umbra on death.,,,,,,Порождать при гибели продвинутую Фиолетовую Тварь,,
TFTV_TBTV_CHANCES_DESC,Text,,Chance for any Arthron or Triton to be Touched by the Void: {0}%,,,,,,Шанс у Тритона или Артрона получить Благословление Пустоты: {0}%,,
TFTV_TBTV_CHANCES_BASE,Text,,From total amount of Delirium of operatives in mission: {0}%,,,,,,Из-за зараженных Сонном Безумием бойцов в этой миссии: {0}%,,
TFTV_TBTV_CHANCES_VO_MORE_TBTV,Text,,"x2 from Void Omen ""More Touched by the Void""",,,,,,Из-за Знамения Пустоты «Больше Благословленных Пустотой» х2,,
TFTV_TBTV_CHANCES_VO_TBTV_EVERYWHERE,Text,,"From Void Omen ""Touched by the Void everywhere"": 16%",,,,,,Из-за Знамения Пустоты «Благословленные Пустотой повсюду»: 16%,,
TFTV_TBTV_CHANCES_ACHERONS,Text,,Acherons with Harbinger of the Void ability: {0} x 10%,,,,,,Из-за присутствия Ахерона со свойством «Посланник Пустоты»: {0} x 10%,,
TFTV_TBTV_CHANCES_TOTAL,Text,,Total: {0}%,,,,,,Всего: {0}%,,
TFTV_ODI_WIDGET,Text,,ONEIRIC DELIRIUM EFFECTS,,,,,,ЭФФЕКТЫ СОННОГО БЕЗУМИЯ,,
TFTV_ODI_WIDGET_VOID_OMENS,Text,,VOID OMENS,,,,,,ЗНАМЕНИЯ ПУСТОТЫ,,
TFTV_VIVISECTED_SHORT_INFO,Text,,VIVISECTED PANDORAN TYPE,,,,,,ВСКРЫТИЕ ЭТОГО ПАНДОРАНА ВЫПОЛНЕНО,,
TFTV_VIVISECTED_SHORT_INFO_DAMAGE,Text,,"DAMAGE
INFLICTED",,,,,,"БОНУС
УРОНА",,
TFTV_MOONPROJECT_SHORT_INFO,Text,,MOONBASE ANALYSIS,,,,,,АНАЛИЗ ЛУННОЙ БАЗЫ ВЫПОЛНЕН,,
TFTV_HUMAN_ENEMIES_STATUS_ALIVE,Text,,ALIVE,,,,,,В ЖИВЫХ,,
TFTV_HUMAN_ENEMIES_STATUS_DEAD,Text,,K.I.A.,,,,,,Погиб в бою,,
TFTV_HUMAN_ENEMIES_STATUS_FLED,Text,,M.I.A.,,,,,,Пропавший без вести,,